,WRP2
0,0.38882805080199395
1,0.33220326787423854
2,0.3021178768184306
3,0.34573939717209284
4,0.37324452088882054
5,0.3442260984087908
6,0.41581259257546066
7,0.3793103448275862
8,0.34781996372919
9,0.294847593499467
10,0.3193271677314838
11,0.4102731176865137
12,0.34525433941387185
13,0.441483559295621
14,0.3435031129529121
15,
16,0.3267205983981057
17,0.3922841377076546
18,0.45098039215686275
19,0.38961038961038963
20,0.39224137931034486
21,0.37331399217740907
22,0.35385029426601244
23,
24,0.34574096013261313
25,0.33461548520128626
26,0.34849717273520064
27,0.35173107420072813
28,0.3811476705618343
29,0.37140362717321435
30,0.3528974828170698
31,0.474025974025974
32,0.3783348151993253
33,
34,0.24444444444444444
35,0.2828282828282828
36,0.28665006034281465
37,0.3578574657429798
38,
39,0.34243281605045695
40,
41,
42,
43,0.37318181818181817
44,0.3647188518352955
45,0.3709677419354839
46,
47,0.3975489535421354
48,0.3311266781739755
49,0.30584826132771337
50,0.3027659397100562
51,0.28136802874794686
52,0.35294117647058826
53,
54,0.43772147321544164
55,0.37060091510484905
56,0.31390005775672125
57,0.29006363115501926
58,0.3622478443048169
59,0.39519776426105546
60,0.34984690669104307
61,0.3678020487798414
62,0.3817893636026929
63,0.3640505334420574
64,
65,0.38448033944425875
66,0.4180099567835417
67,0.36898792484896237
68,0.3393839225831178
69,0.3685586394970328
70,0.3270111633534196
71,0.33783783783783783
72,0.3607809847198642
73,0.31420586865393574
74,0.2665609584214236
75,0.3928219662172286
76,0.35365853658536583
77,
78,0.37349564525440226
79,0.2857142857142857
80,0.3940654332898338
81,0.38775331271590074
82,0.3582089552238806
83,
84,0.3637008367782291
85,0.3563817632297059
86,0.40480607954287534
87,0.34784339232909417
88,0.273067590927467
89,0.3692957531411404
90,0.3134510810530944
91,0.35250440704325975
92,0.24297305128948132
93,0.36305408432841413
94,0.30337848889091124
95,0.3090453236564692
96,0.29946480935090347
97,0.3334430619922208
98,0.3583528460704525
99,0.37907962199626777
100,0.175
101,0.30742431652081104
102,
103,
104,0.33921543165188406
105,0.27797112219655473
106,0.30982857001054886
107,
108,0.37140541799864635
109,0.35725272028033667
110,0.3647457759511621
111,0.2600691870521374
112,0.38641602949653847
113,0.379859257790541
114,0.3184685816153316
115,0.26077680268077136
116,0.3858513980999021
117,0.3356526746358041
118,0.3695200421915634
119,0.27806430554434386
120,0.41073285521271724
121,0.2784897025171625
122,0.3604303273759561
123,
124,0.355998782268065
125,
126,0.38086335745120614
127,0.38543065693430656
128,0.19978632478632477
129,0.3570032873257762
130,0.38235294117647056
131,0.38762324647800733
132,0.37415415797768736
133,0.36646911127805143
134,
135,
136,0.3889755979193366
137,0.29591836734693877
138,0.3198522710285039
139,0.2549019607843137
140,0.25223603444614684
141,
142,0.31464367167684015
143,0.37681159420289856
144,0.37421749474725
145,
146,0.3567684136487193
147,0.3454312161253927
148,0.3541353409495666
149,
150,0.4401650825684637
151,0.2833333333333333
152,0.3293317326930772
153,
154,0.28281289667428283
155,0.37101309707241914
156,0.232
157,
158,
159,0.35854844261949204
160,0.3546296034148572
161,
162,
163,0.3446946099762201
164,0.3630334965846104
165,0.46875
166,0.3363883516888699
167,0.24305579355559362
168,0.3395468179880822
169,0.3152257224261422
170,0.3426976251298375
171,0.3442862287030699
172,0.3714793342850953
173,0.310577782265778
174,0.3980466731253516
175,0.39097204917181994
176,0.398268217168593
177,0.380838445488718
178,0.43535849800087
179,0.3521442036496136
180,0.3491489240864026
181,0.40933874925673724
182,0.36940818747218207
183,0.25210084033613445
184,0.35122096685534493
185,0.29845659041601647
186,0.3603994764671096
187,0.36707357193565704
188,0.3806293008225534
189,
190,
191,0.3406683930384145
192,0.38095238095238093
193,0.33198665879770667
194,
195,0.3561547619047619
196,0.2542188018623499
197,0.3619047619047619
198,0.3169681460092419
199,
200,0.4117960183115086
201,0.36607487687412615
202,
203,
204,0.47619047619047616
205,0.37662337662337664
206,0.3119776508321187
207,0.38662266880423696
208,0.29392115233579247
209,0.37658633548336323
210,0.38202247191011235
211,0.3465254670342288
212,0.3210514975220857
213,
214,0.34810374357719603
215,0.33213603399453856
216,0.4337662337662338
217,0.4430520939541558
218,0.3271166985706344
219,
220,0.24390243902439024
221,
222,
223,
224,
225,0.32813235451433465
226,0.3034718474545781
227,0.3817676671732523
228,
229,0.3132953103180685
230,0.26521945745672904
231,
232,0.358623618572983
233,0.3342104798042107
234,0.33082355568406574
235,0.37623238064672626
236,0.32003270487874697
237,0.31900074966469133
238,0.39796257066838686
239,
240,
241,0.376544375453146
242,0.29389674077386
243,0.33462813000636427
244,0.3710377220851551
245,
246,
247,0.13157894736842105
248,0.3213515699461187
249,
250,
251,0.35136043952765106
252,
253,0.3323677956030897
254,
255,0.30656163837697475
256,0.3080002442872692
257,
258,0.35692416396621557
259,0.42576524745413147
260,0.37542597425023816
261,0.27508764285994464
262,0.31777820062465617
263,0.38904132506242506
264,0.3480505978254662
265,0.359755410074559
266,0.4512710966419766
267,0.298127015606057
268,0.41116008332384313
269,0.3526063018342213
270,0.3716128556685832
271,0.3551699712103276
272,0.2889202762084118
273,
274,0.25
275,0.37011407210510633
276,
277,
278,0.38790472166367784
279,0.44749315346645313
280,0.36961295833204694
281,0.37077171221517974
282,0.3690178477838675
283,0.29712519623233913
284,0.30125
285,0.3051132495325793
286,0.32131599145070766
287,0.392796478945936
288,0.3435031129529121
289,0.34167531323053324
290,0.33235208670273125
291,0.35404850896230206
292,0.3359214240012803
293,0.4129571461938683
294,
295,0.43558282208588955
296,0.3724016652311226
297,0.3594733352639039
298,0.2704254557702833
299,0.3166410135189207
300,0.3684210526315789
301,
302,0.3738435419956986
303,
304,0.3130952380952381
305,0.3024526493835956
306,
307,0.3545722316284441
308,0.36354269869731376
309,0.24390243902439024
310,
311,0.31129032258064515
312,0.4140054230433253
313,0.31280151314371135
314,0.3665447761174295
315,0.37900291043147893
316,0.3967724542919396
317,0.3831155481400956
318,0.35569268331954706
319,0.35158496866937133
320,0.2825520562668665
321,0.38618501769838354
322,0.30982857001054886
323,0.3471108736117721
324,0.3942604762587289
325,0.3784591861855917
326,0.28594238451302006
327,0.28783840121316606
328,0.3766346249807662
329,0.3696438399245223
330,0.34383281196406085
331,0.45100905665821467
332,0.2391304347826087
333,0.3877063456004846
334,0.33831802792601295
335,0.36424469137301474
336,0.3657441289357273
337,0.2996230329960122
338,0.34753457333976795
339,0.36635569831006237
340,0.2808248682011058
341,0.3859761481468335
342,0.3589323821908792
343,0.3232603717273312
344,0.3426991431620601
345,0.404556550734413
346,0.35639140271493214
347,0.310338475810382
348,0.33843145077736597
349,0.3072852147852148
350,0.28207175556265307
351,
352,0.3164694894146949
353,
354,0.35784313725490197
355,0.34958413954498674
356,0.3410697969000894
357,0.3745674379645095
358,
359,0.34665625377699677
360,0.26785714285714285
361,0.3706901101753626
362,0.2968955525071751
363,0.2886424017075153
364,
365,
366,0.2793448161870018
367,
368,0.3099685276409414
369,0.43463184238786645
370,0.3374207122670814
371,0.36666666666666664
372,0.4548438244182925
373,0.3666809752747253
374,0.3555650187660459
375,0.3468356831889125
376,0.33757418638992626
377,0.38692379252509485
378,0.34424067567714245
379,0.3907787095276399
380,0.3881628509427912
381,0.3132098199890468
382,0.31324786324786325
383,0.29551777665175444
384,0.2702702702702703
385,0.35714503369584877
386,0.3603994764671096
387,0.39056936658913777
388,0.38806531233428726
389,0.3189508511451043
390,
391,0.30700694654183025
392,0.35715456913380933
393,0.31820539767385
394,
395,0.4377262132495986
396,0.318930884518054
397,0.38095238095238093
398,0.3669365741717087
399,
400,0.3260427088004968
401,0.36615336079721167
402,0.4563888483287926
403,0.38619531334471413
404,0.37523364841601137
405,0.35490931832395245
406,0.4141519686514973
407,0.3544274790326141
408,0.28465622630180065
409,0.25925925925925924
410,0.34825914182551687
411,0.37055995475113124
412,0.36278493023657027
413,0.44172553072375664
414,0.3842242095964789
415,0.3637008367782291
416,0.3632387706855792
417,0.3692632850241546
418,0.36646911127805143
419,0.14893617021276595
420,0.37349088747352965
421,0.28328047921071176
422,0.3428347907168505
423,0.38713155469669036
424,0.46067555777140723
425,0.3851046126382355
426,0.29159500354039947
427,0.34645390070921983
428,
429,0.3132953103180685
430,
431,0.32019797077452794
432,0.34000114424070166
433,0.31026107313859735
434,0.33923461042739217
435,0.33595895216867516
436,0.37803952459008366
437,0.3171121077673924
438,0.3828014772060223
439,0.40414845044803815
440,0.4130116959064327
441,0.36829444582219273
442,0.34016830914977725
443,0.3325082394631267
444,0.3219852337981952
445,0.3994396072837417
446,0.3729393731031844
447,0.32636509890334114
448,
449,0.24166446130322278
450,0.3225568414463872
451,
452,
453,0.3611343366778149
454,0.3661844368065068
455,0.3092802314659642
456,0.2564782439782439
457,0.37931893193653066
458,0.3520956964201516
459,
460,0.37584600779045224
461,0.28775735515765355
462,0.3479716164172872
463,0.3171820211365237
464,0.331062003916797
465,0.4507877953135931
466,0.3794026492835196
467,0.33757418638992626
468,0.3999944125740835
469,0.32827521170652746
470,0.3190063690159792
471,0.3563356461855345
472,0.2965140753993468
473,0.34747249507527944
474,0.3605042016806723
475,0.3396480227324662
476,0.3954802259887006
477,0.4024390243902439
478,0.3388848272667822
479,
480,0.3552912668529415
481,0.2657461240310077
482,0.3986841183067003
483,0.3441696946824174
484,0.36863409250402146
485,0.39231213231213236
486,0.34849717273520064
487,0.28709138984177907
488,0.3676157768817951
489,0.3090909090909091
490,0.31164282512864994
491,0.38888888888888884
492,0.3132098199890468
493,0.3930961967071134
494,0.368971094904993
495,0.33213603399453856
496,0.27102130325814533
497,0.25925925925925924
498,0.37199397871871165
499,0.37254661015535145
500,0.344527792140293
501,0.35771396719134996
502,0.37349088747352965
503,0.42
504,
505,0.4404793849456267
506,0.4221166763028279
507,0.4368717704317941
508,
509,0.3
510,0.35714285714285715
511,0.27133777239709445
512,
513,0.36457522971982637
514,
515,0.36333801531422616
516,0.2883566086691086
517,0.3832241381319759
518,
519,0.3297985153764581
520,0.37410087885415383
521,0.43772147321544164
522,0.3914073954024583
523,0.3686690830151766
524,0.3947439222761117
525,0.3485179363998381
526,0.42918928744749507
527,0.3450694397703289
528,0.35319106285193536
529,0.37892572868752256
530,0.305816308810094
531,0.3735054711014456
532,0.340091908651056
533,0.3886479542237414
534,0.3948234681601603
535,0.44965350920205954
536,0.3493211829639002
537,0.3021178768184306
538,0.35039954313575766
539,0.35798433145577274
540,0.40550636677475
541,0.34531690616811694
542,0.30419831480496906
543,0.3713150883751257
544,0.3942604762587289
545,0.34892548522066685
546,0.30069150242522946
547,0.35628797473389756
548,0.3523737650833244
549,0.3215529572804946
550,0.3502104527519773
551,0.26668835166801297
552,0.323071060214635
553,0.3552912668529415
554,0.4807692307692308
555,0.3785371878772369
556,0.34665625377699677
557,
558,0.2999304403419634
559,0.3443475230443316
560,0.3794024097796948
561,0.2982178233245264
562,0.3189031649177988
563,0.3585231803980152
564,0.3374207122670814
565,0.3435031129529121
566,0.34292952176234065
567,0.33923461042739217
568,0.3224679325569097
569,0.3155749649048212
570,
571,0.3792036982963702
572,0.29019964180345104
573,0.3058169264141307
574,0.37256851001704044
575,0.38045919469693446
576,0.3611343366778149
577,0.27014700110813555
578,0.35637411420657306
579,0.348275240439821
580,0.3738333298535688
581,0.3590621283121853
582,0.5238095238095238
583,0.3631920937900238
584,0.31627331068632974
585,0.3671124586867802
586,
587,0.43137254901960786
588,0.361467522052927
589,
590,0.3219852337981952
591,
592,0.37111258435885464
593,0.24432624113475176
594,0.3755587922637234
595,0.29282711566449343
596,
597,
598,0.33874458874458874
599,0.45103279640296606
600,0.22449494949494947
601,0.2749474222356268
602,0.1951219512195122
603,0.3595666021144071
604,0.3888429752066116
605,0.3942307692307692
606,0.35829562594268477
607,0.354195860837895
608,
609,0.4063205140186963
610,0.3092244571540661
611,0.36405792624626737
612,0.40398654415547186
613,0.37407732503983804
614,0.398268217168593
615,0.4127691077300309
616,0.3610242270061325
617,0.37060091510484905
618,0.38513065905425675
619,0.3695793959538926
620,0.40239366927852704
621,0.3500993194230191
622,0.3822823827783363
623,0.23925845054906145
624,0.34077818796952236
625,0.3817879117441388
626,0.3519752570115134
627,0.36967247895291977
628,0.372862318842138
629,0.3445971111995844
630,0.38136740456757134
631,0.36294041960261253
632,0.3290437489467102
633,0.41089457149642056
634,0.34652027554493353
635,0.35887915413148125
636,0.3857550665727297
637,0.3737974501089823
638,0.37516336139089956
639,0.3255304172951232
640,0.3613685785080659
641,0.3351470823072099
642,0.34784339232909417
643,0.3340228474426223
644,0.43175266333667545
645,0.35752805341760235
646,0.3130608573098842
647,0.3774256059473973
648,0.2788293997995842
649,0.3834540213291034
650,0.3590641733786982
651,0.3889152197357221
652,0.41495712431206916
653,0.31271084511402575
654,0.36667024630249523
655,0.39884316184290936
656,0.3035558219533714
657,0.3461275999761607
658,0.3626990306163337
659,0.32197282848324515
660,0.4428220164361477
661,0.34523809523809523
662,0.3535149362025824
663,0.31851615972350317
664,0.31667135036889266
665,0.3525882324863928
666,0.31114007591255505
667,0.39899526469908747
668,0.2899714198223946
669,0.3605251536644669
670,0.3302369200529732
671,0.37852974814577395
672,0.35784313725490197
673,0.3602321449475474
674,0.35145627151287717
675,0.32993749508744574
676,0.3605151934980505
677,0.4062715702523454
678,0.3130952380952381
679,0.4079671704534081
680,
681,0.2824206191525485
682,0.296875
683,0.34236864053377813
684,0.33666236579506603
685,0.3342911423993161
686,0.24444444444444444
687,0.27586206896551724
688,0.36338797814207646
689,0.3226146013292173
690,0.40400409715623087
691,0.25754576942107865
692,0.3235902288241283
693,
694,
695,0.340014064697609
696,
697,0.3413196890288866
698,0.2987538531995993
699,0.3127615148750072
700,0.22000962000962
701,0.3755587922637234
702,0.29673622257891924
703,0.3408839189003647
704,0.32261497377776444
705,0.42767978156514364
706,0.3022079772079772
707,0.3478179241888796
708,0.3534005104549643
709,0.31833881039028483
710,0.3351715645159136
711,0.33534108010852204
712,0.35337938818800424
713,0.3473039215686275
714,0.31026476127174035
715,0.3367641164333017
716,
717,0.2220632934024674
718,0.3386208904432812
719,
720,0.264694051393687
721,0.3491057723157886
722,0.3649084388605286
723,0.2970930441940629
724,0.357698004931693
725,
726,
727,0.40811403508771926
728,0.42100067336099783
729,0.3338548266932688
730,
731,
732,0.1962576896787423
733,0.36885245901639346
734,0.5
735,0.35487228129726306
736,0.31164282512864994
737,0.31128782662731325
738,0.35515647604598544
739,0.370630453717272
740,0.3985084093511642
741,0.38771241830065356
742,0.3228602831315019
743,
744,0.40476190476190477
745,0.3240417053376991
746,0.33493296588439103
747,0.2727272727272727
748,0.3754892367906067
749,0.42458391123439665
750,
751,0.3124335715251602
752,
753,
754,0.37349564525440226
755,0.3092244571540661
756,
757,
758,0.35349743868715716
759,
760,
761,0.4154740216091934
762,0.3573895842246754
763,0.4361442817928222
764,0.3770748147589915
765,0.3566720407918541
766,0.3713437214426031
767,0.3661077579014066
768,0.3029259511367964
769,0.43126249221433555
770,0.3611233003431613
771,0.32792756736517675
772,0.37320736011035843
773,0.3972239393664293
774,0.3817879117441388
775,0.317023171507361
776,0.466668194548426
777,0.2791836114106847
778,0.3438445117629896
779,0.37253379315337065
780,0.37134151002880356
781,0.2993362408113147
782,0.40527638998232285
783,0.3818298598280001
784,0.32936467398200475
785,0.38108215187350836
786,0.35618879887981225
787,0.3999944125740835
788,0.40508909340799437
789,0.38601973505029236
790,0.43027322855501543
791,0.2825738545955729
792,0.33937198067632846
793,0.35479281940888757
794,0.3152775443738263
795,0.3635641235218229
796,0.3553598130169366
797,0.22632575757575757
798,0.3599848984487499
799,0.40258424943116666
800,0.3876047047046461
801,0.3716380260920651
802,0.33045001664734597
803,0.3789118056717782
804,0.35881304415569565
805,0.4740800429760945
806,0.324147539105508
807,0.34714420293450615
808,0.34256120527306966
809,0.3396480227324662
810,0.39264033229072076
811,0.34336400472487805
812,0.2781248417210273
813,0.35274646649646646
814,0.2533001962727563
815,0.2641509433962264
816,0.3947439222761117
817,0.3788302205247155
818,0.34021894736289165
819,0.3910153072710449
820,0.35589175806991863
821,0.35519396480012033
822,0.3351470823072099
823,0.36283403528270525
824,0.3998473143979275
825,0.3260119619624026
826,0.3544471467266011
827,0.38181733507936877
828,0.3906697589180122
829,0.32880487494899635
830,0.3398195665336998
831,0.3703393709403526
832,0.30854849868548495
833,0.3340737573048894
834,
835,
836,0.2901200966216446
837,0.3579111493401525
838,0.33653680467721725
839,0.3811990565423594
840,0.3690178477838675
841,0.40824700558682253
842,0.34633307203205294
843,0.393842928565696
844,0.33565531475748195
845,0.3773321084393324
846,0.28775735515765355
847,0.3367430441898527
848,0.38823529411764707
849,0.3298080268555938
850,
851,
852,0.3954802259887006
853,0.3240417053376991
854,
855,0.37826595366217436
856,
857,0.33091558176099245
858,0.31047558012229964
859,0.3641417232298505
860,0.29508196721311475
861,0.31545438688295835
862,0.38235294117647056
863,0.35252374609712384
864,0.29623059205422886
865,0.35732675232969724
866,0.3181212303786462
867,0.36497228946497484
868,0.2828947368421053
869,0.30874873368552475
870,0.37442345301063956
871,0.37514141006944035
872,0.3559627755144609
873,0.35490931832395245
874,0.2922049956933678
875,0.3205423821625377
876,0.36533713200379864
877,0.2610003023060642
878,
879,
880,0.4282569240530611
881,0.3019107188789011
882,0.4703401360544217
883,
884,0.33962264150943394
885,0.3605978260869565
886,0.3714955500585362
887,0.4512710966419766
888,
889,0.29209190550999986
890,0.396217026648178
891,0.34773931937572383
892,0.36690836813552624
893,0.41038141982987697
894,0.2879108355140896
895,0.3002621797751622
896,0.34708945725655665
897,0.32920868641614226
898,0.3404663421518278
899,0.3514408448878575
900,0.41008658008658005
901,0.4188218390804598
902,0.32498652281115753
903,0.35417647268577945
904,0.2647427478387231
905,0.3309749769538789
906,
907,0.3863638197553345
908,0.36474118009301726
909,0.3684210526315789
910,0.4166666666666667
911,
912,0.38235294117647056
913,
914,
915,0.23943661971830985
916,0.3966964285714285
917,0.3728043112548224
918,0.40621932548735834
919,0.2708845108908522
920,0.4333936757129528
921,0.3604893541109771
922,0.36211536208688694
923,0.33331085824433127
924,0.3287443265266524
925,0.3536318660621013
926,0.3453663237869796
927,0.38582306097984226
928,0.291901858752453
929,0.3325497284346717
930,
931,0.5384615384615384
932,0.2887909836065574
933,0.40476190476190477
934,0.3326585309521516
935,0.3486238532110092
936,0.3641417232298505
937,0.329002652331907
938,
939,0.325
940,0.370847317476531
941,0.3128930817610063
942,
943,0.2549019607843137
944,0.36849807846851945
945,0.39533439849461893
946,0.37657232703514
947,0.42847886669323
948,0.2883005681430097
949,0.3802858069803071
950,0.4807692307692308
951,0.2973349453291311
952,0.28904413182137806
953,0.33138935052657226
954,0.3642673497038972
955,0.32284359555322223
956,0.32130009159179845
957,0.31197598159523066
958,
959,
960,0.34691546861281825
961,0.3675138594130973
962,0.40350877192982454
963,0.36065573770491804
964,0.32483492790803636
965,0.3280843806637386
966,0.3616506348720292
967,
968,
969,0.32898323565489984
970,0.21
971,0.43535849800087
972,0.398268217168593
973,0.4394160689256092
974,0.37410087885415383
975,0.3610242270061325
976,0.36611523298218296
977,0.353005013764367
978,0.35749208579394043
979,0.3689203436837228
980,0.318148602738443
981,0.3887394048384449
982,0.30494510028167854
983,0.3594303868903949
984,0.3904436155863977
985,0.41748740036522536
986,0.3446765153429173
987,0.32337403893509525
988,0.39547361594488306
989,0.4000108600027739
990,0.36807104396520124
991,0.4134494246354062
992,0.32412374007202344
993,0.4035557575680074
994,0.34984690669104307
995,0.3442954253057846
996,0.36712275065444194
997,0.3871071614315856
998,0.32367221459009266
999,0.305982645270419
1000,0.35207123631304216
1001,0.3281195638640686
1002,0.3623600807132193
1003,0.3315053690070382
1004,0.3254510354212161
1005,0.3958666326701992
1006,0.32636509890334114
1007,0.34724981085590195
1008,0.36312526080576557
1009,0.414122054153063
1010,0.3478495644622987
1011,0.3226540616246499
1012,0.39066282190980617
1013,0.3253845122816408
1014,0.34433285448967776
1015,0.30568039094667965
1016,0.4102731176865137
1017,0.3725913929195166
1018,0.33346821130677495
1019,0.33332615468912713
1020,0.3304403999550612
1021,0.26898434400555515
1022,0.3327499807547334
1023,0.3594996281552278
1024,0.38906762538957695
1025,0.2953845547209243
1026,0.4559216694067317
1027,0.398268217168593
1028,0.34630014478452453
1029,0.43772147321544164
1030,0.346866157869141
1031,0.4023683438199103
1032,0.35493453684159026
1033,0.32777555632515765
1034,0.35570533994059267
1035,0.3887394048384449
1036,0.3857550665727297
1037,0.37036274430352867
1038,0.37260777797475725
1039,0.3497338179261067
1040,0.3801187923496885
1041,0.30594913112573463
1042,0.3695793959538926
1043,0.3788302205247155
1044,0.38682485781165116
1045,0.3577602774602341
1046,0.3386392511464836
1047,0.36002293914151173
1048,0.30409641275577726
1049,0.3327499807547334
1050,0.3132859126077572
1051,0.3811476705618343
1052,0.37910890629553323
1053,0.3607212712273479
1054,0.3606262874519486
1055,0.3272570161138312
1056,0.40803046256994396
1057,0.3442905016191388
1058,0.3865533976300852
1059,0.2781248417210273
1060,
1061,0.33035977477716993
1062,0.3794024097796948
1063,
1064,0.344712169738367
1065,0.32937573867340325
1066,0.27729709205105685
1067,0.379859257790541
1068,0.2624696805215834
1069,0.41448391753310093
1070,
1071,0.34620197478999093
1072,0.28564617736668463
1073,0.32829027798080296
1074,0.29784343173654243
1075,0.3561766588425651
1076,0.33235405890207337
1077,0.30573770955962254
1078,0.3402458037137115
1079,0.39883291615349076
1080,0.36542887088561404
1081,0.310577782265778
1082,0.3595631383346549
1083,0.39397425831752314
1084,0.4113523504114152
1085,0.36222144808601126
1086,0.3327499807547334
1087,0.37752904090042777
1088,0.33213603399453856
1089,0.31924618434108215
1090,0.3297337914187177
1091,0.418114099388881
1092,0.3106471903217322
1093,0.3389344897090821
1094,0.3338103777905862
1095,0.32374690211905816
1096,
1097,
1098,
1099,0.38727246950766026
1100,0.3799414767110381
1101,0.28995793531385067
1102,0.37148786717752236
1103,0.5
1104,0.3341213949077978
1105,0.34236864053377813
1106,0.3091136426785218
1107,0.29946769528683415
1108,
1109,0.2549019607843137
1110,0.3671409461597602
1111,0.19298245614035087
1112,0.2699253348839621
1113,0.3318615134971108
1114,0.3016469745793054
1115,0.3329659396052935
1116,0.2768699610259749
1117,0.3509457863730245
1118,0.3688387635756057
1119,
1120,
1121,0.3307789894657476
1122,0.318252455403924
1123,0.29735710412181
1124,
1125,0.39686505832449626
1126,0.39769452943499356
1127,0.34952187554927283
1128,0.37406716417910446
1129,0.30817732035153866
1130,0.3358739662933511
1131,0.3673469387755102
1132,
1133,0.3244180682705273
1134,0.3974175368181571
1135,0.3926804032311249
1136,0.39861988136241866
1137,0.2831554883963364
1138,0.286072258055108
1139,0.3656994586056371
1140,0.44218996935978067
1141,0.359375
1142,0.3056799102441293
1143,0.35773078090036786
1144,0.39669750081142485
1145,0.24000567521908986
1146,0.3684210526315789
1147,0.2847294782617349
1148,0.4107190318868555
1149,0.2820654191634418
1150,0.38641602949653847
1151,0.2682926829268293
1152,
1153,0.56
1154,0.310577782265778
1155,0.24254896994258698
1156,0.3286745547656364
1157,0.35179515051458043
1158,0.33007511384744964
1159,0.36947186500430074
1160,
1161,0.3491237225483801
1162,0.36113769286284103
1163,0.3325983764721251
1164,0.3961752780567645
1165,0.3740828294601879
1166,0.391568271406672
1167,0.409974993053626
1168,
1169,
1170,0.3281195638640686
1171,0.358695652173913
1172,0.4465796773862547
1173,0.2643778017745209
1174,0.32100546224912685
1175,0.36594753512971107
1176,0.33569352334651104
1177,0.18778280542986425
1178,0.2908579351281563
1179,0.3597941176470588
1180,0.318667324590832
1181,0.45123541005697054
1182,0.3425501453888256
1183,0.3940603909548009
1184,0.34009129817765205
1185,0.3889185212795266
1186,0.31464367167684015
1187,0.36285224667710664
1188,0.25
1189,0.3480836104177596
1190,0.3518245786287023
1191,0.34540536951125733
1192,0.4166666666666667
1193,0.34618598531642014
1194,0.3222099929527145
1195,0.3071804132083943
1196,0.49690988835725675
1197,0.2939868432560011
1198,0.35547738191618794
1199,0.38654658894596977
1200,0.25190575190575193
1201,
1202,0.34658458839204515
1203,0.3151682837409795
1204,0.3514702495657882
1205,0.3535365718492271
1206,0.39533439849461893
1207,0.33785120245639794
1208,0.3666840599876314
1209,0.4731182795698925
1210,0.3726956066321494
1211,0.3904474972435436
1212,0.3222100769780887
1213,0.34390503641201703
1214,0.32364260250772353
1215,0.3623065015479876
1216,0.26014611242994856
1217,0.35749208579394043
1218,0.3904436155863977
1219,0.396328876106191
1220,0.359362838190078
1221,0.37718853793755586
1222,0.3480603848518503
1223,0.39257423642545386
1224,0.2948569434348402
1225,0.37060091510484905
1226,0.41612247306282435
1227,0.37752904090042777
1228,0.384980037142993
1229,0.3500993194230191
1230,0.37984703158145994
1231,0.43535849800087
1232,0.30047655132906625
1233,0.27275238459597023
1234,0.3315592953984988
1235,0.3659703665949845
1236,0.33651043919180884
1237,0.4941860465116279
1238,0.33129194060253575
1239,0.3618745896706423
1240,0.32003270487874697
1241,
1242,0.4252358806285763
1243,0.36690821256038647
1244,0.34170370370370373
1245,0.26525889877123304
1246,0.367980981947353
1247,0.2783687943262411
1248,0.3653000594177065
1249,0.3249200417388826
1250,0.23806561085972852
1251,
1252,0.3558280361005389
1253,0.3491057723157886
1254,
1255,0.31343283582089554
1256,0.41843971631205673
1257,0.3323546306597154
1258,0.21153846153846154
1259,0.3938384633553129
1260,0.35570533994059267
1261,0.3802858069803071
1262,0.337398971947128
1263,0.34602889888441957
1264,0.39209004925498303
1265,0.3697396174563431
1266,0.3066645288867511
1267,0.37673392181588905
1268,0.2788293997995842
1269,0.3047957130844316
1270,0.36215525209065147
1271,0.3583218810455825
1272,0.323071060214635
1273,0.3448990641513789
1274,
1275,0.3822858775184154
1276,0.37144144521468625
1277,0.3201805377460259
1278,
1279,0.3757399388526885
1280,0.37573904809961534
1281,0.3762952225822733
1282,0.31712889644656805
1283,0.3226880335334774
1284,0.26902004075691105
1285,0.2530241935483871
1286,0.39817841550510213
1287,0.3989839997212969
1288,0.3270908226427708
1289,0.3980466731253516
1290,0.34898992537677087
1291,0.40652797398706636
1292,0.32573886477596
1293,0.3052106630435469
1294,0.36997122240038066
1295,0.32342892443339405
1296,0.27560156671291414
1297,0.367391337303242
1298,0.3640042834459585
1299,0.3210314977054652
1300,0.40473612279226245
1301,0.3126141945281542
1302,0.3453044832936474
1303,0.36123224474335386
1304,0.3802970086509582
1305,0.29311310190369544
1306,0.34921375379342484
1307,0.38011935968576877
1308,0.34494014688999114
1309,0.3531305639124013
1310,0.3577602774602341
1311,0.3764157946235138
1312,0.3004115226337449
1313,
1314,0.3509760160344445
1315,0.3661077579014066
1316,0.3600939340976093
1317,0.3021178768184306
1318,0.3346538537195039
1319,0.29663807742672904
1320,0.3779442085744017
1321,0.3160402647158215
1322,0.365965013767517
1323,0.3496970209143102
1324,0.323247253365331
1325,0.29946480935090347
1326,0.3433359299397915
1327,0.3326088519675176
1328,0.35797393232247493
1329,0.3436808375889002
1330,0.3646659371578536
1331,0.389730316439843
1332,0.39016230121835077
1333,0.37101484081093083
1334,0.3342688601095456
1335,0.3514885570961437
1336,0.3419428510308937
1337,0.29883635882013104
1338,0.3168068914013482
1339,0.3858067258579626
1340,0.33846688473360725
1341,0.3773628192820693
1342,0.3303228559237662
1343,0.3685095587205091
1344,0.3977336024438944
1345,0.33673252438783274
1346,0.38072343481156834
1347,0.32079398084254707
1348,0.32288211258083055
1349,0.3478512339436633
1350,0.37830291595123017
1351,0.402748134011466
1352,0.3512811901296798
1353,0.31897369829830713
1354,0.3144574496289651
1355,0.3726571472646056
1356,0.28209432086394776
1357,0.22580645161290322
1358,0.32369293062560045
1359,0.38494305443457993
1360,0.3011854592027166
1361,0.33656328428642734
1362,0.38413956124747284
1363,0.3374207122670814
1364,0.382306135255106
1365,0.30792375473226535
1366,0.33264579062594163
1367,0.34689042514112395
1368,0.3312252266506409
1369,0.3746136566908426
1370,
1371,0.32840857682511015
1372,0.18333333333333332
1373,0.35700586636109594
1374,0.35454545454545455
1375,0.3702116140139576
1376,0.3037848479119041
1377,0.3156492798147777
1378,0.3521453876432154
1379,0.4210897130397426
1380,
1381,
1382,0.308160372353494
1383,0.21491752330863018
1384,0.24660992114237
1385,0.34905498495142473
1386,
1387,0.3019107188789011
1388,
1389,0.3244934640522875
1390,
1391,
1392,0.264341502827902
1393,0.34427528189040335
1394,0.29411764705882354
1395,0.29768717934820205
1396,0.412513430145912
1397,0.30549351691165844
1398,
1399,0.3618745896706423
1400,
1401,
1402,0.2417139571974333
1403,0.2999263080324245
1404,0.34702103783357174
1405,0.45103279640296606
1406,0.36190324029913845
1407,0.3730697730258496
1408,0.3239464551530068
1409,
1410,0.24442010846891948
1411,0.33565531475748195
1412,0.4422369246768537
1413,0.34647047003687376
1414,0.30694511898980087
1415,0.19298245614035087
1416,0.4258127257571548
1417,0.3698630136986301
1418,0.33246606341205254
1419,0.3458781016420924
1420,0.3666312667021217
1421,0.42431315017337956
1422,0.1678030303030303
1423,0.3130615329625094
1424,0.5625
1425,
1426,0.29830917874396135
1427,0.36325897799575935
1428,0.21966911764705882
1429,0.3618266978922716
1430,0.33898318678679684
1431,0.3605769230769231
1432,0.33235016157551367
1433,0.35797393232247493
1434,0.358695652173913
1435,0.40350877192982454
1436,0.35398230088495575
1437,0.3125774568884081
1438,0.35832170993360146
1439,0.3520122335710147
1440,0.30140136938040024
1441,0.36580645161290326
1442,0.3569586503794511
1443,
1444,0.37431527693244065
1445,0.3083782658790501
1446,0.34189921943920837
1447,0.3159722222222222
1448,0.3982859779871305
1449,0.32787863796975675
1450,0.3819262308494275
1451,0.28846153846153844
1452,
1453,
1454,0.3424085299781243
1455,0.35501197315197897
1456,0.2857142857142857
1457,0.38763410891668376
1458,0.4268292682926829
1459,0.3297564074963025
1460,0.35773078090036786
1461,
1462,0.3629248802505527
1463,0.31252931662005334
1464,0.3922841377076546
1465,0.3282345857452791
1466,0.28494633895299915
1467,0.32405227609342463
1468,0.3065341883217807
1469,0.38165135837866565
1470,0.3370511319281811
1471,0.33527766688628874
1472,0.346885949047584
1473,0.39494008842136447
1474,0.3837767874071702
1475,0.3700753844143511
1476,0.3653890005701441
1477,0.3797157577195462
1478,0.29399921513760685
1479,0.36348363746507434
1480,0.34145762583591377
1481,0.3159847129720414
1482,0.37327432368046853
1483,0.2583152606573559
1484,0.4560249483103776
1485,0.2945413122955129
1486,0.3479495977530587
1487,0.37516336139089956
1488,0.3898174906922857
1489,0.354225877142327
1490,0.2381832086846836
1491,0.3222099929527145
1492,0.36170921435652514
1493,0.38806531233428726
1494,0.36490316357003966
1495,0.33401865022937827
1496,0.3834540213291034
1497,0.31263899222979674
1498,0.34093281580387513
1499,0.35891167990618367
1500,0.3270233789905068
1501,0.3914073954024583
1502,0.32517866062845485
1503,0.398464724788981
1504,0.3182561455576655
1505,0.3090277759100068
1506,0.4301707945762621
1507,0.35477029111081126
1508,0.31092978043829805
1509,0.3332611112607031
1510,0.339786687749816
1511,0.3237000142583072
1512,0.38882805080199395
1513,0.353005013764367
1514,0.3661077579014066
1515,0.3732781665877449
1516,0.3925846321966018
1517,0.40521533748134725
1518,0.3676519331028491
1519,0.4214729370008873
1520,0.3458992763255059
1521,0.42212905429062264
1522,
1523,0.382783011387065
1524,0.30246701090074585
1525,0.3211009174311927
1526,0.36961295833204694
1527,0.3253990702476238
1528,0.34987922705314006
1529,
1530,
1531,0.32727272727272727
1532,
1533,0.32142857142857145
1534,0.4049586776859504
1535,0.3767113442210152
1536,0.35714285714285715
1537,0.38235294117647056
1538,0.4098360655737705
1539,0.3804347826086957
1540,
1541,
1542,0.30703050604055093
1543,0.36443156604446925
1544,0.4115989356952451
1545,0.33921987228162775
1546,0.37321282722051585
1547,0.3037156425630776
1548,0.35490931832395245
1549,
1550,
1551,0.25925925925925924
1552,0.31701754385964914
1553,
1554,0.36854395604395607
1555,
1556,0.1590909090909091
1557,
1558,
1559,0.32901296111665007
1560,0.3654051172707889
1561,0.3133961823616996
1562,0.27419354838709675
1563,
1564,
1565,0.3010480054090602
1566,
1567,0.31253537068477644
1568,0.42093718861604196
1569,0.23880597014925373
1570,
1571,0.35294117647058826
1572,0.4093137227459326
1573,0.3364631803163937
1574,0.3650004355736797
1575,0.3338548266932688
1576,0.34930891716486556
1577,0.34969514621417935
1578,0.42857142857142855
1579,0.3424432334187473
1580,0.4861111111111111
1581,0.3219852337981952
1582,0.19978632478632477
1583,0.38112660607257387
1584,0.19298245614035087
1585,0.38636363636363635
1586,
1587,
1588,0.3042307692307692
1589,0.3830676770316175
1590,0.22340425531914893
1591,
1592,0.18
1593,0.3382352941176471
1594,
1595,
1596,
1597,0.28110599078341014
1598,
1599,0.3326994271484239
1600,0.3326230173943726
1601,0.323943661971831
1602,
1603,0.31179929266136164
1604,0.37349564525440226
1605,0.5370370370370371
1606,
1607,
1608,0.4145231737313835
1609,
1610,
1611,0.2361111111111111
1612,0.29363068144990667
1613,0.4375
1614,
1615,
1616,0.3829787234042553
1617,0.39105231657948547
1618,0.2765957446808511
1619,
1620,
1621,
1622,0.40932642487046633
1623,
1624,0.3191489361702128
1625,
1626,0.3875962504184801
1627,
1628,0.431892568348094
1629,0.3137254901960784
1630,0.4046574166139384
1631,
1632,0.3847641305993982
1633,0.4093600232488171
1634,0.4471153846153846
1635,0.4035467079671043
1636,
1637,0.4264705882352941
1638,
1639,0.29625921453625437
1640,0.3601784571513126
1641,0.3692632850241546
1642,0.39655172413793105
1643,0.32967652224824356
1644,
1645,0.3076923076923077
1646,
1647,0.3358159392789374
1648,0.37142857142857144
1649,0.40476190476190477
1650,0.31196646341463413
1651,0.4266666666666667
1652,
1653,0.4337662337662338
1654,0.4538110698824984
1655,
1656,0.3993505796364877
1657,0.3803288126129361
1658,0.26546218487394957
1659,0.4784174588298299
1660,0.3618444387914717
1661,0.36659092006125354
1662,0.39107017013993756
1663,0.3336535783904205
1664,0.3264163372859025
1665,
1666,0.3
1667,0.32293383984682417
1668,0.397139104571736
1669,
1670,0.39659894292805686
1671,
1672,0.3954802259887006
1673,0.383061067937455
1674,
1675,
1676,
1677,
1678,
1679,
1680,0.22942340771365316
1681,0.3145014992530613
1682,0.3831155481400956
1683,0.3211807220141973
1684,0.36827678797484126
1685,0.34392190996111854
1686,0.30890244921894155
1687,0.3569586503794511
1688,0.34688984360572656
1689,0.36499565083382896
1690,0.36863920285069884
1691,0.3675138594130973
1692,0.3551855720693829
1693,0.3436034501519906
1694,0.3471108736117721
1695,0.3814928514795053
1696,0.36329351604655874
1697,0.3335583924205884
1698,0.3496970209143102
1699,0.3383867149934807
1700,0.24810606060606064
1701,0.33572555859453285
1702,0.24280852950816512
1703,0.307320792412011
1704,0.31492095151957505
1705,0.3596767525812015
1706,0.3999379574923443
1707,0.3244802665924515
1708,0.2111111111111111
1709,0.3203035806953814
1710,0.3320632829071986
1711,0.31137254901960787
1712,0.25371594232530026
1713,0.36625495804931996
1714,0.3604509682095889
1715,
1716,
1717,0.3983859134262656
1718,
1719,0.30157442780333077
1720,0.3728813559322034
1721,0.3372165306582644
1722,0.4202716823406478
1723,
1724,
1725,0.29170868810705447
1726,
1727,0.398268217168593
1728,0.4352868038197358
1729,0.3467209676158132
1730,0.37060091510484905
1731,0.37456440015849995
1732,0.367196834685564
1733,0.31563538567092286
1734,0.36381223906958926
1735,0.3352953843542079
1736,0.23333333333333334
1737,0.40497103555928293
1738,0.2708845108908522
1739,0.33923464601636244
1740,0.356989167969298
1741,0.3544589774778874
1742,0.3199107050903879
1743,
1744,0.32631451872062156
1745,0.3493211829639002
1746,0.25799181257371534
1747,
1748,0.31454837587021994
1749,0.3029604380465913
1750,0.38463787642225244
1751,
1752,0.33946503181273496
1753,0.29759956355701034
1754,0.3607124692465959
1755,
1756,0.3522281477297648
1757,0.34882065082385866
1758,0.29830917874396135
1759,
1760,0.3259853647278724
1761,0.3522339288245351
1762,0.3347981992547107
1763,0.36542052889858234
1764,0.30333333333333334
1765,0.4581707507413766
1766,0.2998234611772292
1767,0.342229422174576
1768,0.3666884427325937
1769,0.3384615384615385
1770,0.2921580383131874
1771,0.31681231765844176
1772,
1773,
1774,0.3595785799486176
1775,0.39714522722689694
1776,0.38563658835694437
1777,
1778,
1779,0.2701832533648508
1780,0.37161622900436225
1781,0.36277876544301124
1782,0.294568977244954
1783,0.25637958532695376
1784,0.344884719585221
1785,0.30894008329837225
1786,
1787,0.28252412075941485
1788,0.3425816437913135
1789,0.34892548522066685
1790,0.32210909770222307
1791,0.33765765765765765
1792,
1793,
1794,0.3236034620467808
1795,0.37157799648319556
1796,0.33220647851493806
1797,0.33422180197522
1798,
1799,
1800,
1801,
1802,0.24731182795698925
1803,0.3188029704269651
1804,
1805,0.3614223815927088
1806,0.3380974610520281
1807,
1808,
1809,0.34957826767027866
1810,0.36496977552550935
1811,0.3325497284346717
1812,0.3561020607073238
1813,0.35545210879155437
1814,0.36211536208688694
1815,0.34253757806339385
1816,0.2936660796830288
1817,0.3026370648321868
1818,0.290601745719563
1819,0.2900219298245614
1820,0.3793103448275862
1821,0.361415840452557
1822,0.33416088739337163
1823,0.27220024783772545
1824,0.3595505617977528
1825,0.39285714285714285
1826,0.3544850360593285
1827,
1828,
1829,0.3523065849324204
1830,0.3827402685095476
1831,
1832,0.3449636007128391
1833,
1834,
1835,0.35287464513470707
1836,0.36321426474473517
1837,0.32375840856392507
1838,0.32305348137777
1839,0.40239366927852704
1840,0.4408984114325159
1841,0.3661077579014066
1842,0.3446907505158354
1843,0.2955128284294695
1844,0.36275082173899925
1845,0.3120306960122242
1846,0.3188387975799178
1847,0.3069684803225361
1848,0.41581259257546066
1849,0.21951219512195122
1850,0.34296028126996414
1851,0.4484959794510203
1852,0.3524612540374499
1853,0.38428949715870697
1854,0.38373724427120065
1855,0.3906402825538657
1856,0.4007626478803644
1857,0.2923113577630446
1858,0.29810909626594106
1859,0.3159155659155659
1860,0.3355150985866714
1861,0.3929576521300235
1862,0.39162285477077763
1863,0.35340285787975056
1864,0.3776090480958506
1865,0.34232452913192174
1866,0.22077922077922077
1867,0.34070868628857914
1868,0.34307152236503
1869,0.2700270178993583
1870,0.2783501455297648
1871,0.3552213116402026
1872,0.3812017005853109
1873,0.36409629034685476
1874,0.3760876531186298
1875,0.31000464123271143
1876,0.34769600639056286
1877,0.3604164774369016
1878,0.3814428747784138
1879,0.35637411420657306
1880,0.2965140753993468
1881,0.30905805268409337
1882,0.34629798907618886
1883,0.34962079079902186
1884,0.36533669742108765
1885,0.336054909240619
1886,0.30317679154729005
1887,0.3145032170667224
1888,
1889,0.3407374089043016
1890,0.4188554829778304
1891,0.3442932020200393
1892,0.3922841377076546
1893,0.45161290322580644
1894,0.39557119698784077
1895,0.3665031894322034
1896,0.358623618572983
1897,0.4187483283416212
1898,0.3643414608834297
1899,0.3855197542562379
1900,0.3350318984326569
1901,0.39992349521840065
1902,0.38807182754004527
1903,0.34078557022144856
1904,0.32696330440850024
1905,0.30668428192958797
1906,0.33007511384744964
1907,
1908,0.3471336119199039
1909,0.3558852579565267
1910,0.36587126576542994
1911,0.3909538737124944
1912,0.4100364534967144
1913,0.34575302947268904
1914,0.3853235093166148
1915,0.34232403572590037
1916,0.34471391955606545
1917,0.3799878995452878
1918,0.36570302428139173
1919,0.29320590271643265
1920,0.39348565589449447
1921,0.37410200413900735
1922,0.31610772762459416
1923,0.3302369200529732
1924,0.34518910992558743
1925,0.3082486110058089
1926,0.37254901960784315
1927,0.298979174210697
1928,0.3650587507730365
1929,0.3112750421228064
1930,0.33316831683168313
1931,
1932,0.36407452714880345
1933,0.2830411023996198
1934,0.3684210526315789
1935,0.3902255639097744
1936,0.3156189688447753
1937,
1938,0.2887256467582242
1939,
1940,
1941,0.27586206896551724
1942,0.34804964539007094
1943,
1944,
1945,0.25
1946,0.3258219954648526
1947,0.3114754098360656
1948,0.282747672564074
1949,0.357045884504728
1950,0.33961434696728815
1951,0.3193735871162136
1952,0.34274164109004773
1953,
1954,0.30723254628237184
1955,
1956,
1957,0.3385892367140899
1958,0.31448596561111586
1959,0.33053143040912125
1960,0.3593054241706424
1961,0.22748426764490254
1962,
1963,0.27174839522376354
1964,0.367975052018002
1965,0.3522284027136444
1966,0.2902109996540989
1967,0.3545081967213115
1968,0.32853767278108137
1969,
1970,0.34812030075187966
1971,
1972,0.36043430357480155
1973,0.31808207984019854
1974,0.32320899209486165
1975,0.34533819718616005
1976,0.296875
1977,0.31914030794504034
1978,0.3456530387320936
1979,
1980,0.3663366166138587
1981,0.3113133086794193
1982,0.422360248447205
1983,0.28592957011093145
1984,0.3732562903847221
1985,
1986,0.33391901476328517
1987,0.3657580001865096
1988,0.3179893864173697
1989,0.31362301896035794
1990,0.4141080654320817
1991,0.4138922941704018
1992,0.34224126076808
1993,0.3105367875831077
1994,0.4015095271866109
1995,0.34344160205016405
1996,0.3694863787682873
1997,0.28097991056742855
1998,0.38790472166367784
1999,0.422619634390296
2000,0.3355150985866714
2001,0.2661495138684484
2002,0.37861465710891673
2003,0.4197131837835179
2004,0.397934327549963
2005,0.40493855830977143
2006,0.4102731176865137
2007,0.34402752018318977
2008,0.35600245771891875
2009,0.3056799102441293
2010,0.31504456397716596
2011,0.3
2012,0.38567022755171404
2013,0.33993234097240127
2014,0.4202716823406478
2015,0.3696935074263902
2016,0.2828731177037686
2017,0.3542615618268101
2018,0.3618033964563672
2019,0.3274336283185841
2020,0.2962962962962963
2021,0.29621102216770057
2022,0.36407452714880345
2023,0.32612539671862356
2024,0.478046811945117
2025,0.16193853427895982
2026,0.3432139264341424
2027,0.41208791208791207
2028,0.2702702702702703
2029,0.3747671859203988
2030,
2031,0.37869173496142555
2032,0.34975162587330894
2033,0.3585165533458889
2034,0.38981273601295735
2035,0.3882253199507765
2036,0.32613687261155927
2037,0.34606137460402475
2038,0.34615384615384615
2039,0.1817250768116304
2040,0.3038188682466483
2041,0.332259803772496
2042,0.32922862484348153
2043,0.3875212195668668
2044,0.3468718225773777
2045,0.3725796067769267
2046,
2047,0.29028985507246374
2048,0.24817402349952367
2049,0.3338816598257054
2050,0.3446126390497233
2051,0.3669496658150414
2052,0.3748384603057914
2053,0.3152317986048192
2054,
2055,
2056,0.3905849473322713
2057,0.28281289667428283
2058,0.3822823827783363
2059,0.36883042461554344
2060,0.339498237236974
2061,0.3182561455576655
2062,0.3226457362929271
2063,0.41792131844763425
2064,0.3457613658923963
2065,0.33524475858170694
2066,0.3124335715251602
2067,0.35663687377870945
2068,0.3111111111111111
2069,0.32195424409601237
2070,
2071,0.37001722406134174
2072,0.42177539263789665
2073,0.38308795003841445
2074,
2075,0.35714285714285715
2076,0.3057913300716805
2077,0.5166829657461975
2078,0.37454303755400464
2079,0.32900042810081703
2080,
2081,
2082,0.346754876442045
2083,
2084,0.3698365800344711
2085,0.3649015305801204
2086,0.4083707948317949
2087,0.39506155734417003
2088,0.3480603848518503
2089,0.33831802792601295
2090,0.33193596124897834
2091,0.33527766688628874
2092,0.310577782265778
2093,0.31567696497488584
2094,0.3866573077372874
2095,0.3448275862068966
2096,
2097,0.3617246811416667
2098,0.3551787772880767
2099,0.3713905431236685
2100,0.48518181818181816
2101,0.3963265275608627
2102,0.26975874455698373
2103,0.36356258862394836
2104,
2105,0.33582174235241435
2106,
2107,0.4076134747187379
2108,0.3074598404935258
2109,0.4035823170731707
2110,
2111,0.33154764647103085
2112,0.37861465710891673
2113,0.3699593969953744
2114,0.3346538537195039
2115,0.38118581397270573
2116,0.3730697730258496
2117,0.4135720160569858
2118,0.32605535152025955
2119,0.3743517556196281
2120,0.3759150542423308
2121,0.40478077931422496
2122,0.45184950060729207
2123,0.3388021555072284
2124,0.3526193723371465
2125,0.3698517849774339
2126,0.3382780442192448
2127,0.2711864406779661
2128,0.33190775031708825
2129,0.34243281605045695
2130,0.36668074490687985
2131,
2132,0.3998473143979275
2133,0.3480505978254662
2134,0.3260585527009547
2135,0.2818637585768983
2136,0.31504760303477247
2137,0.3218191669129362
2138,0.2615166186594758
2139,0.3188387975799178
2140,0.37963840276180577
2141,0.27508764285994464
2142,0.42779473962269066
2143,0.3485179363998381
2144,0.3994653550940205
2145,0.3472128944347739
2146,0.3938489331453652
2147,0.32136846534008096
2148,0.22942340771365316
2149,0.4108709742618523
2150,0.3147329144077158
2151,0.35340285787975056
2152,0.36633663366336633
2153,0.34837582730755895
2154,0.31373052060416357
2155,0.40069017093725323
2156,0.35948052894081367
2157,0.3958778496039943
2158,0.34232403572590037
2159,0.31544696060460237
2160,0.3468356831889125
2161,
2162,0.3067529596328154
2163,0.3612851582575747
2164,0.3188848801227056
2165,0.3228244837758112
2166,0.36374948842656335
2167,0.35684907708732455
2168,0.3616463814171854
2169,0.391304347826087
2170,0.36831111324311877
2171,0.3632254822639433
2172,0.378612492088308
2173,0.42747084905602306
2174,0.41748740036522536
2175,0.3403217286766259
2176,0.34784339232909417
2177,0.35307021915018816
2178,0.4023683438199103
2179,0.30669103081794274
2180,0.3158093749637227
2181,0.358623618572983
2182,0.36642488077448643
2183,0.3609276067482574
2184,0.37304848019770315
2185,0.40701129136214204
2186,0.34630014478452453
2187,0.3659418699251966
2188,0.39362004904959486
2189,0.3513979363632353
2190,0.3611068400640841
2191,0.4492216701648216
2192,0.29904782497673
2193,0.3084846326230866
2194,0.33198665879770667
2195,0.2921158824068119
2196,0.34224423095186507
2197,0.30357142857142855
2198,0.3646936803115076
2199,0.3478495644622987
2200,0.3546003555446226
2201,0.3435116273281939
2202,0.3184547810431172
2203,0.35014226983655805
2204,0.27797112219655473
2205,0.4019194832297539
2206,0.30504443269550896
2207,
2208,0.3370815864803286
2209,0.2893194975010567
2210,0.38683345078693915
2211,0.330554894065504
2212,0.3090512905293064
2213,0.3870892665662647
2214,0.31275463760479355
2215,0.3670074471025613
2216,0.3561766588425651
2217,0.38817371626860414
2218,
2219,0.35207123631304216
2220,0.4260260531076367
2221,
2222,0.43027322855501543
2223,0.3330912122453192
2224,0.37553521698200326
2225,0.370826524616375
2226,0.3229701378286284
2227,0.3726551050937938
2228,0.41373645900174594
2229,0.3116456113244121
2230,0.370227095882129
2231,0.3766112197540983
2232,0.3620115239999048
2233,0.3584560547684749
2234,0.31640324483300386
2235,
2236,
2237,
2238,0.37313841273501963
2239,0.33375320017207694
2240,0.362588933202834
2241,0.3619754649460083
2242,0.32078472958642634
2243,
2244,0.3948051948051948
2245,0.4032320123124279
2246,
2247,0.28386349245800674
2248,
2249,0.3398391660009187
2250,0.3325743776563449
2251,0.38171503797365036
2252,0.323943661971831
2253,0.34340756325482463
2254,0.4082049840786995
2255,0.3789118056717782
2256,0.38302529471206825
2257,0.5238095238095238
2258,0.3448275862068966
2259,0.3985498848693174
2260,0.35014226983655805
2261,0.25510204081632654
2262,0.38261408855795975
2263,0.3594902749832327
2264,0.2730630775843542
2265,0.308077034228727
2266,0.32082572106061835
2267,0.30238968257763993
2268,0.32586279844949495
2269,
2270,0.36917558727326794
2271,0.405274049645934
2272,0.415929203539823
2273,0.2647058823529412
2274,0.4224401119076762
2275,0.29651121267096575
2276,
2277,0.3362532533601943
2278,
2279,0.38016458480912796
2280,
2281,0.3687800140606216
2282,0.39791380612336336
2283,0.3762952225822733
2284,0.37557977736549164
2285,0.3061594202898551
2286,0.24466626472478362
2287,0.3484388354553574
2288,0.39805519129057
2289,0.3480836104177596
2290,0.3535030723252733
2291,
2292,0.3292943045155434
2293,
2294,0.35571623990360735
2295,
2296,0.32426745117090855
2297,0.29593708014771797
2298,0.3262841947282376
2299,0.34935189644054304
2300,
2301,0.3366767100735117
2302,0.2965532103490356
2303,0.3103448275862069
2304,
2305,0.34943821965769967
2306,
2307,0.4375
2308,0.398464724788981
2309,0.34002968246445897
2310,0.27947150324527936
2311,0.4091159021606536
2312,0.36980967587211133
2313,0.34078531090629727
2314,0.3500555698630204
2315,0.35389979861580256
2316,0.388094207779829
2317,0.3862234795350842
2318,0.37799798387614286
2319,0.42987098168919624
2320,0.3203560199375616
2321,0.31235735798898767
2322,0.37913822166034555
2323,
2324,0.3401635174398067
2325,0.2279724581152694
2326,0.37904026365991295
2327,0.3239723632002946
2328,0.3863638197553345
2329,0.323943661971831
2330,0.3403101060648029
2331,0.3673050713337484
2332,0.3422336721249765
2333,0.33819785114235273
2334,0.2984584016022378
2335,0.3852839398794477
2336,0.3507628510200106
2337,0.3661083505984081
2338,0.39601922184052324
2339,0.3237000142583072
2340,0.235670718798708
2341,0.2948569434348402
2342,0.34368018193535754
2343,0.4000108600027739
2344,0.37559456072092684
2345,0.41748740036522536
2346,0.3665953758463733
2347,0.37824178451718704
2348,0.3649652801377907
2349,0.37907962199626777
2350,0.389193007978162
2351,0.34183551213677976
2352,0.32261640798226165
2353,0.30823964256135755
2354,0.33993234097240127
2355,0.3979735600735884
2356,0.37906330642797215
2357,0.45714285714285713
2358,0.34606137460402475
2359,0.34837955446415036
2360,0.3088056611571413
2361,0.34499036761391755
2362,0.34314256691633904
2363,0.3669143414806019
2364,0.3588010204081633
2365,0.3145014992530613
2366,0.383061067937455
2367,0.3543982764790491
2368,0.34703858509261204
2369,0.2948569434348402
2370,0.33713405072354685
2371,0.4372176314398617
2372,0.356480031948389
2373,0.3689203436837228
2374,0.353005013764367
2375,0.3598216669127684
2376,0.4349982028211437
2377,0.3979735600735884
2378,0.38627783211193
2379,0.37068503294929706
2380,0.38601973505029236
2381,0.41596144111663463
2382,0.34630014478452453
2383,0.3199107050903879
2384,0.3804070595680461
2385,0.24591452836080166
2386,0.31504456397716596
2387,0.41522199593334075
2388,0.4111383271437446
2389,0.3214139046991149
2390,0.34659953239402197
2391,0.36002293914151173
2392,0.4000108600027739
2393,0.297202501098169
2394,0.3730697730258496
2395,0.3676157768817951
2396,0.40646757170579473
2397,0.34382640350484267
2398,0.34201130655827544
2399,0.3717225201931097
2400,0.335918776647307
2401,0.3325497284346717
2402,0.3866918567449387
2403,0.28416125373749873
2404,0.3848869417759027
2405,0.3316969948198962
2406,0.41902450465037794
2407,0.3575241446456658
2408,0.3780845103529498
2409,0.36825685445756084
2410,0.4082049840786995
2411,0.3515501723655906
2412,0.3549627371273713
2413,0.29926873735760673
2414,0.3181212303786462
2415,0.4559216694067317
2416,0.3661077579014066
2417,0.398268217168593
2418,0.37984703158145994
2419,0.39406497866041323
2420,0.3600939340976093
2421,0.3467209676158132
2422,0.36542887088561404
2423,0.398464724788981
2424,0.37410087885415383
2425,0.4127691077300309
2426,0.3500993194230191
2427,0.36275082173899925
2428,0.42918928744749507
