,WRP
0,-0.022434897243032714
1,0.02350207206635413
2,0.08400950523304812
3,0.028336242114346433
4,0.00660972445344199
5,0.03700192097773958
6,-0.12072437877272302
7,-0.03422487474211611
8,0.038596065767348475
9,0.024205411421740097
10,0.07416333945980663
11,-0.0800651579683993
12,0.03324648276858322
13,-0.2378616752613658
14,0.06269309219126518
15,
16,0.026664152663618768
17,-0.036095338827842216
18,0.0006325110689436864
19,-0.13091473743647658
20,0.003852946408151814
21,0.01904431560950326
22,-0.013492662859585669
23,
24,-0.014449019530077323
25,0.031459685115276914
26,0.013579374944746536
27,0.04911232844239888
28,0.00577612196326055
29,-0.03736280558336408
30,0.04328905991176246
31,-0.12267760974657527
32,-0.06316653145834589
33,
34,0.15005096839959228
35,0.05683205683205683
36,0.07640402398559942
37,0.020921394285880246
38,
39,0.04009431894870996
40,
41,
42,
43,-0.027502805836139177
44,-0.05631440368224733
45,-0.14672531769305963
46,
47,-0.07094466758430018
48,-0.006866972241532321
49,0.01452896412619109
50,0.08548766997187912
51,0.07786950790894465
52,-0.013958125623130646
53,
54,0.017092399250322132
55,0.06992969860512155
56,0.17446666618199502
57,0.13339186288844918
58,0.004622483660629617
59,-0.046510722727638176
60,0.06661470968723576
61,0.06977594292820943
62,-0.03803325650869249
63,0.04103855996593708
64,
65,-0.011700416835222216
66,-0.08156277006757673
67,0.016289267117704953
68,0.10329485631925261
69,0.04345558634917529
70,0.02411665141553082
71,-0.08783783783783783
72,-0.03795489776334249
73,-0.016280967468164986
74,0.025644037271944198
75,-0.014771007027395977
76,-0.02471116816431318
77,
78,-0.07785586292573915
79,0.10317460317460314
80,-0.06871135054012495
81,-0.032107893174048996
82,-0.008208955223880599
83,
84,0.08368404412520791
85,0.013033464685742124
86,-0.020315065126721543
87,-0.006499246220885935
88,0.10725814788994248
89,0.01279123171182417
90,0.07933197350449833
91,-0.022105244653010503
92,0.018122785316960155
93,-0.07640402398559942
94,0.020378681813627897
95,0.03969516170598153
96,0.09592381398707056
97,-0.023876561766576543
98,0.025036837663146128
99,-0.018658517622246296
100,0.03508403361344539
101,-0.002306647135772555
102,
103,
104,-0.01763208765803642
105,0.03150283212293037
106,0.0630424742704675
107,
108,-0.017862900488898104
109,0.03213850783804301
110,-0.04175999819578652
111,0.13443630745335716
112,-0.038596065767348475
113,-0.017357238571573397
114,0.06681535826411605
115,0.09727472461288894
116,-0.006848487668423164
117,0.05291408678293308
118,-0.0802421564095887
119,0.019560233777706493
120,-0.04708118189607696
121,0.06502881600135607
122,0.0091016634918753
123,
124,0.033247933342415215
125,
126,-0.03683583726801637
127,-0.11619988770353734
128,0.2931714216925485
129,0.02967909703613919
130,0.020086083213773365
131,-0.040074206390938893
132,-0.06764587180572257
133,-0.020303388878506856
134,
135,
136,-0.009114272803774248
137,0.004081632653061218
138,-0.023735054160338886
139,0.061764705882352944
140,0.10941034697103857
141,
142,0.03813021872124728
143,0.11453842124350244
144,-0.030033913723027383
145,
146,0.016633788057748844
147,0.018397418779601438
148,0.04263711334237291
149,
150,-0.06884999419333804
151,0.14832134292565946
152,-0.016538245986547018
153,
154,0.12241691432228075
155,-0.029555638404044626
156,0.08861068702290073
157,
158,
159,-0.03149711879397471
160,-0.005629851615403247
161,
162,
163,0.03371556270102083
164,0.05755359923657677
165,0.0006377551020408379
166,0.073128120422701
167,0.1426071368487318
168,0.04370716443808359
169,0.019453072827977647
170,0.1000810768698207
171,0.04271744825923657
172,-0.03390514789516902
173,0.07570133655679112
174,-0.044828274665827006
175,-0.04803988071037607
176,0.054850359624596445
177,0.06764967975887787
178,0.02056317140586167
179,0.12704223667475079
180,0.06421915214613466
181,-0.04607977126097795
182,0.015114861059256857
183,0.10789915966386554
184,-0.005513239554655991
185,0.11593234265228769
186,-0.007630367908518398
187,-0.04861424628162042
188,-0.038398321684886494
189,
190,
191,-0.025217803372169223
192,-0.027106227106227065
193,0.0630729195147473
194,
195,0.04220011471098428
196,0.08575152325242191
197,-0.1119047619047619
198,0.07836316098163959
199,
200,-0.154220260735751
201,-0.0004978561167117146
202,
203,
204,-0.12770562770562766
205,0.10551948051948051
206,0.06073268993593278
207,-0.07934279450965481
208,0.03127471577543939
209,0.01172076210474804
210,-0.07767464582315581
211,0.024888279730264806
212,-0.05218375594305785
213,
214,0.009849046604509804
215,0.07090424780959614
216,-0.13475423658909902
217,-0.08240763089033787
218,0.05010737091558626
219,
220,-0.04390243902439023
221,
222,
223,
224,
225,0.009537476320962468
226,-0.0008008826836823912
227,-0.05642246575821175
228,
229,0.04211155535285793
230,-0.010552600390031919
231,
232,0.03716054446687428
233,0.06453369034151873
234,0.06722725308215372
235,0.01372220572794891
236,-0.015199294112936468
237,0.014062585462048971
238,-0.07035014031612608
239,
240,
241,-0.049567752957544564
242,0.05342740164906662
243,0.11316389278565858
244,0.02790719467209568
245,
246,
247,0.22711670480549198
248,0.05694215077048059
249,
250,
251,-0.020181101028724446
252,
253,0.016704542830950853
254,
255,0.07170619865262984
256,0.08856906830466493
257,
258,0.025090998044596857
259,-0.05255788734377309
260,-0.05197693610949683
261,0.16893905348869726
262,0.020232865620231855
263,-0.03351679488013115
264,0.08649383030346447
265,0.10789460302791021
266,-0.1190112928694807
267,0.002915837900289653
268,-0.008283151729196914
269,-0.022197711313429958
270,-0.04260863906475881
271,-0.022367021478981397
272,0.09458637961893857
273,
274,0.08783783783783783
275,0.04333798355312035
276,
277,
278,-0.017464898708237087
279,-0.04920717547932263
280,0.03448393437296504
281,0.02772806222643215
282,-0.03920105885266906
283,0.03883090633658326
284,0.014761235955056184
285,0.09126089830126266
286,0.07812361583303407
287,-0.10663840429700772
288,0.06269309219126518
289,-0.00793050150867708
290,0.05604905086595663
291,-0.023147109050485448
292,0.02402981538557969
293,0.010526301748533917
294,
295,0.13584574934268184
296,-0.06243313759018121
297,-0.019678922345096883
298,0.09673158074159188
299,-0.013838835736316057
300,0.09649122807017546
301,
302,-0.036405731050424994
303,
304,0.020093167701863368
305,0.017727888362430333
306,
307,0.03136691013594045
308,0.04507787710263572
309,0.2124868001517342
310,
311,0.025673540978963072
312,-0.004575181716025167
313,0.07389034360122743
314,0.03756117619064153
315,0.006848487668423164
316,-0.04263711334237291
317,0.08498459937185493
318,0.029143679225632768
319,-0.01933571220903496
320,0.0031238659996034035
321,-0.017134298201764542
322,0.0630424742704675
323,0.07799593622369388
324,-0.01798949218920476
325,0.020748292076011254
326,0.08370279723907281
327,0.06653678787422329
328,-0.04737385485463613
329,-0.024036604782403437
330,0.0005000425256169172
331,-0.08370398532446632
332,0.12753623188405794
333,-0.012094020520652449
334,0.075015006641097
335,0.04080649488973637
336,-0.029573085384821063
337,0.0499056549238463
338,0.03345444201085179
339,-0.0282860139020204
340,0.12099832246741632
341,-0.033506674369170486
342,0.04548587702456669
343,0.05355394925658946
344,-0.05459585404251088
345,-0.10910790715457586
346,-0.08854587089399052
347,0.0591384925045354
348,0.05417571221118245
349,0.03935817107330691
350,0.06461950310043657
351,
352,0.03667010581104457
353,
354,0.08288106909430437
355,0.04269565715944995
356,0.02529839173621995
357,-0.04539407408236307
358,
359,-0.04161699793128926
360,0.09043848308554192
361,-0.052509094255280664
362,0.04780976746531468
363,0.0696207027732279
364,
365,
366,0.06979710069660483
367,
368,0.06243313759018121
369,-0.08234615637576537
370,-0.011455698945507908
371,0.028937728937728946
372,-0.13763566877885547
373,-0.005546638596910403
374,-0.013521763465027758
375,0.03179071557876001
376,0.03390514789516902
377,-0.00577612196326055
378,-0.0007045892653880781
379,-0.06713610701991635
380,-0.015555072968033934
381,0.07998080643949151
382,0.16479894869725376
383,0.04137166364842798
384,0.0654440154440154
385,-0.03652857322214159
386,-0.007630367908518398
387,0.02320384735446912
388,0.006996245009882773
389,-0.013544569467946355
390,
391,0.060699820375462954
392,-0.04549703931744031
393,-0.02212104062902731
394,
395,-0.11249555870569405
396,0.05944447484995152
397,-0.05282738095238093
398,0.07347431961891498
399,
400,0.028029414544735065
401,0.01305033749915846
402,-0.11406431919687088
403,-0.028015001600426304
404,-0.014730905021365592
405,0.012828703083793691
406,-0.0613290345227
407,0.0628946161832129
408,0.026299151272570098
409,0.1875492513790386
410,0.04307344302168181
411,-0.04033964823772129
412,0.010361990220966844
413,-0.028355911423321722
414,0.008360422600122874
415,0.08368404412520791
416,-0.04122567739589017
417,-0.08425052992211379
418,-0.020303388878506856
419,0.29224030037546933
420,-0.02013190753834121
421,-0.10188513037350244
422,0.003134240786519915
423,-0.010202296196504979
424,-0.08719851934591522
425,-0.02739064544688552
426,-0.00902582784451783
427,0.006180083102143907
428,
429,0.04211155535285793
430,
431,0.03232038248426178
432,-0.017661547543581235
433,0.021392650341922503
434,0.033544379139161085
435,0.017718557351143915
436,-0.029321553619176766
437,0.02800768464721015
438,-0.030573074492377894
439,-0.0774861445616492
440,-0.09224055162782574
441,-0.098888766876645
442,0.03083126143596321
443,0.026045786133847615
444,0.0593069301872744
445,-0.07812361583303407
446,0.0008624419612935919
447,0.0334008293750101
448,
449,0.08451979965577067
450,-0.006981876541566012
451,
452,
453,0.005546638596910403
454,-0.01033017637246264
455,0.027182948850429545
456,0.049077311577311655
457,0.024562695703957083
458,0.007408356943147232
459,
460,-0.06035708881816937
461,0.0815270428767445
462,0.03404042901393334
463,-0.005725842798104119
464,0.03700904004840422
465,-0.10571835554326425
466,-0.032269037363615694
467,0.03390514789516902
468,-0.02759721194224979
469,0.10352041452684735
470,0.037258174922430554
471,0.05281649480710471
472,0.04950848507251926
473,-0.03174900571547257
474,0.025596312030893742
475,0.020747793054344377
476,0.005328399348226598
477,0.12981904012588508
478,-0.01835225200213264
479,
480,0.013277665879009304
481,0.10966015982598037
482,-0.059102105382915215
483,-0.04447912443163582
484,-0.021762269926643762
485,-0.014859354250320533
486,0.013579374944746536
487,0.03954226747223766
488,0.018774533356334555
489,0.20876623376623382
490,0.017037118046753397
491,0.006591337099811745
492,0.07998080643949151
493,-0.05231062648566481
494,-0.009726534109618101
495,0.07090424780959614
496,0.021247806515582335
497,0.1875492513790386
498,-0.0417772175479047
499,0.06802247593097599
500,-0.030041826529177085
501,0.027390645446885464
502,-0.02013190753834121
503,0.021176470588235297
504,
505,-0.03426005945826838
506,0.06391524230021661
507,-0.149967160630262
508,
509,0.16575342465753423
510,-0.07142857142857145
511,0.01745321120946297
512,
513,-0.042971515408467165
514,
515,0.016473182448839996
516,0.10804236719715699
517,0.0006987054098769874
518,
519,-0.06633697691491963
520,0.06345652206109786
521,0.017092399250322132
522,-0.030958990897988148
523,0.08540395516496119
524,0.03466955767209795
525,0.08648026642130568
526,-0.054624887288995116
527,0.10571835554326425
528,0.07404169797993815
529,0.04448429291524525
530,0.06578575902340644
531,-0.006855290561771199
532,0.03266221128727431
533,-0.02384576389309262
534,0.026906998068311483
535,-0.13718496082690418
536,0.011226775119396903
537,0.08400950523304812
538,0.04101484323338328
539,0.06867866257969946
540,-0.08213232783965468
541,0.0012826262259050258
542,0.055714317460832774
543,0.0688499941933381
544,-0.01798949218920476
545,-0.04300560345271981
546,0.10418344148003705
547,0.056007864484452996
548,-0.010597918428873865
549,0.08813435208866638
550,0.04878481194711004
551,0.12410112201619755
552,0.07031401711717622
553,0.013277665879009304
554,-0.06112637362637363
555,-0.016944048108370524
556,-0.04161699793128926
557,
558,0.10957970461371319
559,-0.0053648498787498
560,-0.03380044849210395
561,0.09796445695115286
562,-0.018550504390745237
563,0.020450169890479653
564,-0.011455698945507908
565,0.06269309219126518
566,0.08714747959783958
567,0.033544379139161085
568,0.020873834846498907
569,0.006981876541566068
570,
571,-0.013050337499158682
572,0.11238460762771563
573,0.03384692440614129
574,0.02764279988545193
575,-0.05386577968231154
576,0.005546638596910403
577,0.07885223651633061
578,0.05968111221737543
579,0.009381292566080446
580,-0.006872708027108987
581,0.052888729687169844
582,-0.05714285714285716
583,-0.02098654559103591
584,0.03364723091680083
585,-0.05599029916039938
586,
587,-0.21860659157279935
588,-0.048574440291920706
589,
590,-0.021107503649185233
591,
592,0.043245546297501714
593,0.029968429711643207
594,-0.019038172947293486
595,0.10506331568501442
596,
597,
598,0.06750890660342079
599,-0.11053280413616057
600,0.0444126135302606
601,0.060246741914476376
602,0.17329910141206673
603,0.049598540210371134
604,-0.07181540081807758
605,-0.1952607317775857
606,-0.13291968609306073
607,0.002990637828371945
608,
609,-0.09094695288645438
610,0.08282164558037347
611,-0.04728738968406415
612,-0.03484323176651449
613,-0.04367926108910014
614,0.054850359624596445
615,0.02208456297529593
616,0.016902688171758884
617,0.06992969860512155
618,0.03204644422689762
619,-0.031112511220285244
620,-0.026813985695477938
621,0.08543002175783165
622,-0.035604920185613065
623,0.19947958362243004
624,0.019418500424026153
625,-0.04152637751643906
626,-0.014100518711644972
627,0.006402480282034495
628,0.04968337981380777
629,0.11400773438302092
630,-0.00344592135315569
631,0.04336211879534324
632,0.02859472581982997
633,-0.1407366485251984
634,0.07529197827026718
635,0.04398183735454925
636,-0.0411384738394826
637,0.018086542495914237
638,-0.014235754642642151
639,0.014134998589804881
640,0.0026417466751721963
641,0.044509492991401944
642,-0.006499246220885935
643,0.0794265771927839
644,-0.053138006227758716
645,0.04115578256482444
646,0.06328969013703345
647,-0.010945451577981158
648,0.06805230380473343
649,0.014107403517738981
650,-0.009319031038743597
651,-0.058786860723881895
652,-0.177777637132582
653,0.07277809372209881
654,-0.0020803855762992485
655,0.032419330371426136
656,0.05791065992395894
657,0.0330640328171079
658,0.005079742344253957
659,0.12228868173108587
660,-0.04568976155689619
661,0.026249771939427125
662,0.03144931516278626
663,0.05740928238358206
664,0.014856427408885153
665,0.010275171052740395
666,0.04252796964217537
667,-0.048784811947110096
668,0.08071762069485411
669,0.016901613114394143
670,0.007531918051480624
671,-0.004173124516694604
672,-0.0013838071113612682
673,0.007979479208127582
674,0.025706776305579992
675,0.12911019078063796
676,-0.00303826932020157
677,-0.03544204958424746
678,0.020093167701863368
679,-0.09935283957880325
680,
681,0.08378736812487214
682,0.12935450819672129
683,-0.095577750264627
684,0.020169640431850933
685,0.040717988071833966
686,0.24126984126984127
687,0.06522320235231222
688,-0.03697668781949581
689,0.10050203388393197
690,-0.051601169082787446
691,0.028817866942557724
692,0.11200988658220201
693,
694,
695,-0.07937960182810644
696,
697,0.04124637958218774
698,0.08414050389063749
699,0.019446620904557177
700,0.054972364297905196
701,-0.019038172947293486
702,0.062136082562042616
703,-0.009022405403253886
704,-0.05047800304744332
705,-0.061176592132940244
706,0.17980735097830508
707,-0.04086046632478546
708,0.027340775953196506
709,0.03814122155810429
710,0.05234965505095318
711,0.008767715209017868
712,-0.007933171314439602
713,-0.03218114348543161
714,0.050673859912782504
715,-0.03833716425793693
716,
717,0.12048721164803766
718,0.021497932529034314
719,
720,0.05727631273695588
721,0.04290491523598361
722,0.03975929796171057
723,0.03712383689455495
724,-0.021743029241677703
725,
726,
727,-0.015570175438596456
728,-0.05190343778563228
729,0.04137864425821847
730,
731,
732,0.05507627140098148
733,0.04494064443188239
734,0.0
735,0.0024024790454629796
736,0.017037118046753397
737,0.08057425881610841
738,-0.028018540790210877
739,0.026368797465890326
740,-0.0313674631914041
741,-0.059424596580628486
742,0.011300604261869851
743,
744,-0.22698412698412698
745,0.0744405822706099
746,0.08712471429148971
747,-0.014300306435137855
748,-0.0498642367906067
749,0.008560409233867472
750,
751,-0.013922695518806316
752,
753,
754,-0.07785586292573915
755,0.08282164558037347
756,
757,
758,0.05533182332479486
759,
760,
761,0.003942325005620917
762,0.02668630256588783
763,0.003271787132786974
764,0.06814641599679011
765,-0.003892310841988711
766,0.038395118825569285
767,0.07852064704332906
768,0.09926835257294037
769,-0.032419330371426136
770,-0.022584929784811247
771,0.004340714687359859
772,0.05255788734377309
773,-0.02417545916872621
774,-0.04152637751643906
775,0.11568086457102661
776,-0.16588195712767534
777,0.10597053690329661
778,0.0469441035105147
779,-0.00013980747039643582
780,0.022436577805656832
781,0.06129004664063381
782,-0.09246354351944924
783,-0.029472961438893608
784,0.08972489183987131
785,0.01595045027628056
786,0.03609533882784233
787,-0.02759721194224979
788,-0.04103855996593703
789,-0.025681594863780077
790,-0.06103325007774879
791,0.135773820040344
792,-0.03812775628374093
793,-0.0524031368312477
794,0.08183423067729989
795,0.05090268011603849
796,-0.0036921809410755957
797,0.17039269518264444
798,-0.002875207636994226
799,-0.11238460762771557
800,0.004643154540979466
801,-0.008621084421018332
802,0.03997695538033785
803,0.0060222582240555544
804,-0.023808867320349314
805,-0.18437814595712432
806,0.040104467951943334
807,0.043303294309037454
808,0.08402609631423191
809,0.020747793054344377
810,0.009315410268107338
811,-0.03358481360819199
812,0.1156111001816037
813,0.015721176971176976
814,0.08333732372446018
815,0.05251572327044024
816,0.03466955767209795
817,0.03214664390958244
818,0.05781094306729839
819,0.040438376113730745
820,0.01652273300665663
821,-0.008995461533768623
822,0.044509492991401944
823,0.1043448209256404
824,-0.027349518351429347
825,-0.0036830651863009045
826,0.05490985890034972
827,-0.01814810380063986
828,-0.02315589950491498
829,0.06663471218699385
830,0.06116698903875384
831,0.0686730656581343
832,0.005126463636889844
833,0.0609775404578054
834,
835,
836,0.046564040345511204
837,0.0017829933051252134
838,0.01275583005464681
839,0.0053475324036103555
840,-0.03920105885266906
841,-0.022310272216491234
842,0.020957247997993145
843,-0.039167907498119325
844,0.03024812728514814
845,-0.0677522035232852
846,0.0815270428767445
847,0.00536221896804201
848,-0.09977375565610863
849,0.06942020760058187
850,
851,
852,-0.010234324349356339
853,0.0744405822706099
854,
855,-0.04897549376244642
856,
857,0.057599169361696345
858,0.00913675267081726
859,-0.027185201490720068
860,-0.10640272193009587
861,0.002794433871758595
862,0.011089681774349103
863,0.023011470884879537
864,0.10719306280871743
865,-0.015589784921464844
866,-0.006408775619825335
867,-0.020001954541183586
868,0.26749720044792835
869,0.03250374384462351
870,-0.028368015073788944
871,0.025825769509966512
872,-0.02405502519737268
873,0.012828703083793691
874,-0.025644037271944198
875,0.018939058949187015
876,-0.01678178491186616
877,0.07444946943204972
878,
879,
880,-0.09452968863580685
881,0.026033802393166383
882,-0.05905940647472302
883,
884,-0.12962264150943395
885,0.05692523056653492
886,-0.005131955126442489
887,-0.1190112928694807
888,
889,0.04055821568144519
890,-0.03281860998827135
891,0.023249906917145624
892,-0.06202874268380548
893,-0.05831018351683487
894,0.04691534839863093
895,0.07027228399498048
896,0.030519590839293953
897,0.0340946962477055
898,0.05104133023001767
899,0.027478276719596073
900,-0.10637093752350246
901,-0.011710310258404633
902,0.06172580221335333
903,-0.04053522671370641
904,0.09759099874502347
905,0.0007678676506980286
906,
907,-0.0169908618873178
908,0.012487103863984661
909,-0.011278195488721776
910,-0.011006289308176098
911,
912,-0.18235294117647055
913,
914,
915,0.010563380281690155
916,0.02007917055711178
917,0.015421008695954141
918,0.03426005945826838
919,0.09711147269197334
920,0.012264883119519121
921,-0.00455221918315285
922,-0.10974773121806702
923,0.028297444737606647
924,0.08126749498400909
925,0.06047619936998039
926,0.028625639129667646
927,-0.007131326018416817
928,0.11091183163535018
929,-0.07377637331576098
930,
931,-0.08563134978229314
932,0.04563122954166632
933,-0.001536098310291889
934,0.01773487428524001
935,0.012487257900101911
936,-0.027185201490720068
937,0.05063575042989882
938,
939,-0.19342105263157897
940,-0.050962249842080476
941,0.048574440291920706
942,
943,0.07476836888601596
944,0.025340384886793466
945,-0.02865365358773908
946,0.006452967676928267
947,-0.0484862526999813
948,0.037506044498582636
949,-0.024789186761024817
950,-0.17773892773892774
951,0.15151283838949414
952,0.1040466881533702
953,0.024570663129436454
954,-0.05728943784986612
955,0.021801608365874525
956,-0.03143221243088651
957,0.16014411644398507
958,
959,
960,-0.053522249256110044
961,0.023155899504914756
962,-0.07017543859649122
963,0.03469309950438426
964,0.037759703325401406
965,0.06861155579386119
966,0.015194730803123724
967,
968,
969,0.07836731518490514
970,0.028805970149253735
971,0.02056317140586167
972,0.054850359624596445
973,-0.0032717871327869186
974,0.06345652206109786
975,0.016902688171758884
976,0.08590978363452856
977,0.11105515263041288
978,0.06997876326208269
979,0.0010191043813831957
980,0.05562070068671393
981,0.00383483158700898
982,0.10660917676857723
983,-0.007324471827710177
984,-0.038621146176008536
985,0.03189863813720101
986,0.08889826769954307
987,0.08213232783965474
988,0.0030288983772727707
989,-0.05575175906699892
990,-0.037009040048404274
991,-0.0794265771927839
992,0.044719491095263464
993,-0.004665893127134613
994,0.06661470968723576
995,-0.04890105417453955
996,0.0016572634061796654
997,-0.02510875973728821
998,0.05071460229193325
999,0.05291998397514169
1000,0.058310183516834924
1001,0.1269270858805545
1002,0.00918189554320209
1003,-0.008398578014779223
1004,-0.00017721461000325123
1005,-0.029163984408113297
1006,0.0334008293750101
1007,-0.004949006506813736
1008,-0.026014407533685613
1009,-0.0679778573612504
1010,0.11902679721453946
1011,0.11643590062773795
1012,-0.04711173515487238
1013,0.08099936065514984
1014,-0.0005000425256169172
1015,0.02787252956276265
1016,-0.0800651579683993
1017,-0.013282460837197863
1018,0.0335758303800911
1019,0.055179605766860484
1020,0.049041858524108306
1021,0.0923718283102185
1022,0.032063941022759224
1023,0.013550079759175881
1024,-0.03337804258897714
1025,-0.008300678145522267
1026,-0.02056317140586167
1027,0.054850359624596445
1028,0.09344308750210922
1029,0.017092399250322132
1030,0.044662888478426366
1031,0.00419183233883208
1032,0.09255811301626493
1033,0.098086932613554
1034,-0.02350207206635413
1035,0.00383483158700898
1036,-0.0411384738394826
1037,0.011906857116701142
1038,0.015555072968033934
1039,0.09838338718500439
1040,0.08395536730479547
1041,0.07191486464659486
1042,-0.031112511220285244
1043,0.03214664390958244
1044,0.012159141909645732
1045,0.01836502708886073
1046,0.09727982515158329
1047,0.04424329573374042
1048,0.08531007575517818
1049,0.032063941022759224
1050,0.09455047675391293
1051,0.00577612196326055
1052,-0.026948707222129276
1053,0.0496301797126249
1054,-0.061290046640633866
1055,0.12305140546042376
1056,-0.024050179732403754
1057,0.020070402475861004
1058,-0.03605822633612116
1059,0.1156111001816037
1060,
1061,0.05689361973448065
1062,-0.03380044849210395
1063,
1064,0.03801726849580228
1065,0.05424458626119383
1066,0.11572160410444449
1067,-0.017357238571573397
1068,0.10278882498769204
1069,-0.053960988124235054
1070,
1071,-0.0231348423657744
1072,0.06412461323793855
1073,0.045055076372956415
1074,0.042373927224740426
1075,0.018408878222351155
1076,0.11489582428236295
1077,0.07482397117262529
1078,-0.002902919474094545
1079,-0.06109381191501412
1080,0.007608778345142175
1081,0.07570133655679112
1082,-0.04230180857423127
1083,-0.024469661267854326
1084,-0.14674125902393204
1085,-0.0011062853664455807
1086,0.032063941022759224
1087,-0.007980897902261697
1088,0.07090424780959614
1089,-0.05602167237453698
1090,0.0204656845110876
1091,-0.02264589314615567
1092,0.012800354236472467
1093,-0.005397930154833752
1094,0.04703415132014377
1095,0.06577860542170366
1096,
1097,
1098,
1099,0.008779356025297336
1100,-0.03976211380779354
1101,0.05575084193058816
1102,-0.026249771939427125
1103,-0.16292134831460675
1104,0.010592524648267598
1105,-0.095577750264627
1106,0.06057491357449607
1107,0.18603610877604487
1108,
1109,0.23690131790421087
1110,0.0313674631914041
1111,-0.02349093071662206
1112,0.036928853375024995
1113,0.009022405403253886
1114,0.05648936574427604
1115,0.10479065635147067
1116,0.10570059889562905
1117,-0.019171703197557455
1118,-0.03700838246986227
1119,
1120,
1121,-0.04757709217938755
1122,0.05197525794335589
1123,0.12232239952360385
1124,
1125,0.014020507627689638
1126,-0.03383754590746735
1127,-0.017200741483228088
1128,0.022187896549640485
1129,0.029740607602844416
1130,0.02625033916185071
1131,0.08719851576994431
1132,
1133,0.001143156891328101
1134,-0.08229955196159472
1135,-0.06307610059597601
1136,-0.047538780869269215
1137,0.06522033891122259
1138,0.07106193759412521
1139,0.005425367259327851
1140,-0.04240650367478116
1141,0.10815746753246752
1142,0.052184221384717844
1143,-0.025184998241102097
1144,-0.13845866310766863
1145,0.1184190764954712
1146,-0.06683375104427736
1147,0.12461814292799156
1148,0.013603536519418091
1149,-0.01304537840653075
1150,-0.038596065767348475
1151,0.17326575863161225
1152,
1153,-0.2830769230769231
1154,0.07570133655679112
1155,0.21336641507934637
1156,0.0882190737088196
1157,-0.0006764705554194173
1158,0.052337612767486885
1159,0.07982028486924447
1160,
1161,-0.024643455955928595
1162,0.048771746804729454
1163,-0.04651688024663014
1164,-0.06809147391363829
1165,0.01532360483788725
1166,-0.02460127513639704
1167,-0.1745512063140498
1168,
1169,
1170,0.1269270858805545
1171,0.1685770750988142
1172,-0.06117426321414127
1173,0.09041813620040412
1174,0.10909422170070082
1175,-0.0038705895364593568
1176,-0.0181689044125099
1177,0.10647092591341933
1178,0.05759068008047097
1179,0.08516884865869351
1180,0.016511914994265464
1181,-0.02800147475564979
1182,0.024575367112118884
1183,0.048969912075502164
1184,-0.01693442210827073
1185,-0.08147159664654774
1186,0.03813021872124728
1187,-0.016101642356769696
1188,0.14
1189,0.012131224069530155
1190,0.09329737259080989
1191,0.03542118042980341
1192,0.013333333333333308
1193,0.06491565029977858
1194,0.056971558992530535
1195,0.08365459776881456
1196,-0.11426034265852036
1197,0.07237966626957404
1198,-0.04281012183727545
1199,-0.0053475324036103555
1200,0.009163899835541611
1201,
1202,0.0934501210098082
1203,0.06316653145834583
1204,0.036703466702815934
1205,-0.031009742156450193
1206,-0.02865365358773908
1207,0.06324715631538785
1208,-0.032231889024266436
1209,-0.04846074532331718
1210,-0.0037420672342758365
1211,-0.043303294309037454
1212,0.05135374665945952
1213,0.037725062045395774
1214,0.06713610701991635
1215,-0.011284106221794765
1216,0.18930686532844654
1217,0.06997876326208269
1218,-0.038621146176008536
1219,-0.0025027513891320297
1220,0.05379287156966078
1221,-0.006396889303546871
1222,0.03466461954755973
1223,-0.003834831587009091
1224,0.14817060001250937
1225,0.06992969860512155
1226,-0.06095278880516808
1227,-0.007980897902261697
1228,0.0399196209694655
1229,0.08543002175783165
1230,0.08255716891813403
1231,0.02056317140586167
1232,0.06336153735353134
1233,0.03624826718075652
1234,-0.004535916407992058
1235,-0.035937095151887366
1236,-0.061363243236092546
1237,-0.14406182290914338
1238,0.014449019530077378
1239,0.010053151465014176
1240,-0.015199294112936468
1241,
1242,-0.05051953571125384
1243,-0.03868595172943001
1244,0.013559454191033105
1245,0.028350846562042342
1246,-0.12248776667792413
1247,0.11905423110883251
1248,0.004314454543103419
1249,-0.02282106219500568
1250,0.03518352806105221
1251,
1252,0.016829111164066657
1253,0.04290491523598361
1254,
1255,-0.07939028262940617
1256,-0.13076848343534442
1257,0.018961593940740873
1258,0.05219780219780221
1259,-0.02534038488679341
1260,-0.02350207206635413
1261,-0.024789186761024817
1262,0.04298191243511673
1263,-0.006091113800820225
1264,-0.016427339776174
1265,0.018881263864558517
1266,0.11122080932655742
1267,0.011776302137372907
1268,0.06805230380473343
1269,-0.01173079480942929
1270,-0.029714110427992935
1271,0.014816531689437085
1272,0.07031401711717622
1273,0.012416774750915072
1274,
1275,-0.07600997125548759
1276,0.025021649454964157
1277,-0.017727888362430222
1278,
1279,-0.04703999507462642
1280,-0.00612538250789274
1281,-0.017145969241858905
1282,-0.009927953461543793
1283,0.0898253966124346
1284,0.013045378406530694
1285,0.06309899485741
1286,-0.04096929064347182
1287,-0.012159141909645732
1288,-0.014029289680261403
1289,-0.044828274665827006
1290,0.06760902281050091
1291,-0.12015958047581571
1292,0.0405066888902505
1293,0.17378902334310103
1294,0.012092681432344932
1295,0.008726264909779236
1296,0.1063573930463238
1297,-0.019339418828027533
1298,-0.027849458407235017
1299,0.10168304858316857
1300,-0.1772518551473599
1301,0.01774294832898865
1302,0.06382035947460973
1303,0.014928545132719573
1304,-0.03921420468630393
1305,0.03872713699141467
1306,0.029294488681768704
1307,-0.02462955288120877
1308,-0.10806849698412826
1309,0.023159630237902795
1310,0.01836502708886073
1311,-0.035840057477442844
1312,0.033763926547077494
1313,
1314,0.045003776572149434
1315,0.07852064704332906
1316,0.08080447733490664
1317,0.08400950523304812
1318,0.10872709394020208
1319,0.06923687477818213
1320,-0.02627646915071269
1321,-0.008151356106256447
1322,0.043202167271080893
1323,-0.026228046931944526
1324,0.06482632925123394
1325,0.09592381398707056
1326,0.05112668010157062
1327,-0.026826570051457943
1328,-0.046856622923130364
1329,0.13278852755782838
1330,0.016406619252388954
1331,-0.062194850117717804
1332,-0.07234810540292247
1333,-0.04960093611181593
1334,0.08182276561688828
1335,-0.08140421426896821
1336,0.01174105875910153
1337,0.08835803604603992
1338,0.03627067633566866
1339,-0.07335674522605157
1340,0.031112511220285355
1341,-0.08080960893303363
1342,0.005170374250315024
1343,-0.01152039075121103
1344,-0.056977044920875575
1345,0.0238009564206606
1346,-0.041683656415773984
1347,0.026418956893735024
1348,-0.008149041732933404
1349,-0.0007954041318023464
1350,-0.06397786905413283
1351,-0.0628340034672279
1352,-0.02597511068996261
1353,0.007238704178540334
1354,0.04448372490044478
1355,-0.016829111164066657
1356,0.034676938430607984
1357,0.10206240084611315
1358,0.0411858568410986
1359,-0.0523279608025371
1360,0.05176580261811048
1361,0.041924888242790115
1362,-0.06695807574636076
1363,-0.011455698945507908
1364,0.0076148672166284626
1365,0.01486769481974759
1366,0.02997306536541905
1367,-0.01720261037001386
1368,-0.016425655654200955
1369,-0.01804870231534461
1370,
1371,0.11054619863346038
1372,0.12278911564625852
1373,0.034120540132626886
1374,0.07844423617619495
1375,0.0005599575229904286
1376,0.011103626495673091
1377,0.07541976916403714
1378,0.06624195408951494
1379,-0.0123341134474943
1380,
1381,
1382,0.005800835212688982
1383,-0.038284079233325635
1384,0.07893387638426333
1385,-0.01294667652549264
1386,
1387,0.026033802393166383
1388,
1389,-0.026555997600328285
1390,
1391,
1392,0.2009217285643617
1393,0.02078719978001259
1394,0.0848297213622291
1395,0.005343992457121249
1396,-0.08982539661243466
1397,0.03992486597559358
1398,
1399,0.010053151465014176
1400,
1401,
1402,0.03914512743673895
1403,0.04432369196757552
1404,0.004655195985519223
1405,-0.11053280413616057
1406,-0.0009330080423093357
1407,0.0319450806201283
1408,0.10360186747406208
1409,
1410,0.09448924088819105
1411,0.03024812728514814
1412,-0.13846394030751635
1413,-0.012851835882276286
1414,0.09698286791690947
1415,0.07140110550348472
1416,-0.051300602753015234
1417,-0.12986301369863013
1418,-0.09029000514086058
1419,0.02316177233483835
1420,-0.0785455289587485
1421,-0.10288457874480816
1422,0.2531597026162244
1423,0.014029289680261403
1424,-0.14085820895522388
1425,
1426,0.030956437038508366
1427,0.0460797712609779
1428,0.1902778319550632
1429,-0.11247185918259422
1430,0.0694075739061859
1431,0.019104191661794834
1432,0.05045521844111939
1433,-0.046856622923130364
1434,0.040013575301901305
1435,-0.0368421052631579
1436,-0.061192543472556815
1437,0.054388386272276434
1438,0.08016895302623261
1439,0.03671274606459146
1440,0.03889624721615281
1441,0.012115796876721152
1442,-0.06403035480587083
1443,
1444,0.058645862508389324
1445,0.03237099456823389
1446,-0.01593570299784791
1447,0.12720959595959597
1448,0.04920717547932263
1449,0.03537058222576561
1450,0.023743290453713872
1451,0.11153846153846159
1452,
1453,
1454,0.09038428314986235
1455,-0.031624881237549585
1456,-0.06743471582181257
1457,-0.04368068771860556
1458,0.00289101142759679
1459,0.055471828092707065
1460,-0.025184998241102097
1461,
1462,0.01761258420705858
1463,0.0004816704829244123
1464,-0.036095338827842216
1465,-0.0026639329608579843
1466,-0.03811528329841407
1467,0.016450488523111373
1468,0.09168367626139629
1469,-0.05497967305772672
1470,0.08377953763666568
1471,0.06358409453382569
1472,-0.030376567061201065
1473,-0.1334785544074219
1474,-0.038396689687045626
1475,0.021209326059573486
1476,0.04712075906728336
1477,0.01673685711866091
1478,-0.02206549570388744
1479,-0.03283431803723402
1480,0.07423336060336683
1481,0.03142355586237555
1482,-0.026566541360031837
1483,0.1604319816579169
1484,-0.1513556167808806
1485,0.02401298377561306
1486,0.08664821246569732
1487,-0.014235754642642151
1488,-0.054347405222200273
1489,-0.03538707956240922
1490,0.0313333509755446
1491,0.056971558992530535
1492,-0.043213646392258664
1493,0.006996245009882773
1494,-0.03434826950453573
1495,-0.01621753682393262
1496,0.014107403517738981
1497,0.01710440978944422
1498,0.020925328325860915
1499,0.11296110618348026
1500,0.004535916407991947
1501,-0.030958990897988148
1502,0.02590624260154417
1503,-0.06978458491169598
1504,0.03191353049003026
1505,0.05039620328068872
1506,-0.07256542038181374
1507,0.08823541660809797
1508,0.05802891360713558
1509,0.05875097231097576
1510,0.02404703246109935
1511,0.1068862715943602
1512,-0.022434897243032714
1513,0.11105515263041288
1514,0.07852064704332906
1515,-0.023657375788723012
1516,-0.008360422600122874
1517,-0.011632484265082399
1518,0.03597528739003408
1519,0.003936899064686528
1520,0.02171215370550561
1521,-0.10185137013519957
1522,
1523,-0.03563201423606782
1524,0.11998907422984006
1525,0.11324251691224169
1526,0.1120715336465627
1527,0.04536565329627035
1528,0.11270580696046528
1529,
1530,
1531,-0.034589800443458996
1532,
1533,0.011904761904761862
1534,0.029384756657483968
1535,-0.07670261046637394
1536,-0.03830227743271225
1537,-0.07087753134040498
1538,-0.11496427070197562
1539,-0.06932367149758456
1540,
1541,
1542,0.09289309440381766
1543,0.03423315390222642
1544,-0.013641233020561305
1545,-0.03486732746298127
1546,-0.006388413154506001
1547,0.10637093752350246
1548,0.03912521856772733
1549,
1550,
1551,0.1875492513790386
1552,0.027808120488487076
1553,
1554,0.008776133703658873
1555,
1556,0.1903066812705367
1557,
1558,
1559,0.028650607317831422
1560,-0.02283206532273696
1561,0.011385121298839507
1562,-0.014934289127837508
1563,
1564,
1565,0.16952110028199674
1566,
1567,0.12496462931522356
1568,-0.05664227761374602
1569,0.17369402985074625
1570,
1571,-0.008113590263691683
1572,-0.01347281585551946
1573,-0.02718294885042949
1574,-0.10361736400256494
1575,0.04137864425821847
1576,-0.048594764200479146
1577,-0.017797106788051686
1578,-0.18976545842217482
1579,0.0011117131507896727
1580,-0.0402094717668488
1581,-0.021107503649185233
1582,0.17426079926079927
1583,-0.052979788575719056
1584,0.017543859649122806
1585,-0.1599485420240137
1586,
1587,
1588,0.05584606292053107
1589,-0.05709661838729152
1590,0.05351882160392801
1591,
1592,0.02440251572327043
1593,0.12330316742081449
1594,
1595,
1596,
1597,0.10525764558022621
1598,
1599,-0.0018266713843374527
1600,-0.0023612566275992286
1601,0.05267971465154564
1602,
1603,0.024433140067006087
1604,-0.07785586292573915
1605,-0.16041366041366045
1606,
1607,
1608,-0.03808849729670699
1609,
1610,
1611,0.11203703703703705
1612,0.02615505491098391
1613,-0.38295454545454544
1614,
1615,
1616,-0.1788970907511941
1617,-0.0557309662313345
1618,-0.08909574468085107
1619,
1620,
1621,
1622,-0.17321531375935523
1623,
1624,0.008976063829787218
1625,
1626,-0.11505526681192274
1627,
1628,-0.05166308908948847
1629,-0.09943977591036415
1630,0.021847123943241842
1631,
1632,-0.07843442895727765
1633,0.005791014546031148
1634,-0.11455117915792068
1635,-0.015234552664657675
1636,
1637,-0.1297672915319974
1638,
1639,-0.006297501854187371
1640,-0.013462007421154554
1641,-0.014287332378945583
1642,0.10344827586206895
1643,0.03938132425805657
1644,
1645,0.09656301145662843
1646,
1647,-0.013919793353665222
1648,0.010593900481540908
1649,-0.24058280028429282
1650,-0.01047904922699111
1651,-0.05032258064516132
1652,
1653,-0.058701366096280516
1654,-0.07945618915397523
1655,
1656,-0.0816531456420369
1657,0.006346085148049407
1658,0.14084579286259957
1659,-0.1348497461003063
1660,0.03200019631205342
1661,0.047749932267910744
1662,-0.062220400690212285
1663,0.022367515985846742
1664,0.08169769780181674
1665,
1666,0.10000000000000003
1667,0.030915446331229113
1668,-0.11618899486089468
1669,
1670,0.02535762487711557
1671,
1672,0.0704288649203903
1673,-0.02468809797154553
1674,
1675,
1676,
1677,
1678,
1679,
1680,0.23078660192927564
1681,-0.0527274675334532
1682,0.08498459937185493
1683,0.013973092797014752
1684,-0.10906389185538129
1685,0.03694009222415495
1686,0.09564583140280197
1687,-0.06403035480587083
1688,-0.06174470406450999
1689,-0.09507182796879121
1690,0.0215807263781152
1691,0.023155899504914756
1692,0.011813152668974314
1693,-0.026002481280649525
1694,0.07799593622369388
1695,-0.03580610448333399
1696,0.04248602235905552
1697,0.025805327455711624
1698,-0.026228046931944526
1699,0.0032919642612775912
1700,0.03771692993767459
1701,0.021920534907886757
1702,0.11648128645973305
1703,0.07875068309163924
1704,0.030501206639619527
1705,-0.03405731405130513
1706,-0.0756878718170752
1707,0.024643455955928595
1708,0.1721635662812133
1709,0.08814808668485741
1710,0.046150982987708866
1711,-0.03820423218792468
1712,0.05587872216360673
1713,-0.07292464951937438
1714,0.05184069845707778
1715,
1716,
1717,0.026938761898409713
1718,
1719,0.029777372317784268
1720,-0.13077609277430866
1721,0.08486444862610476
1722,-0.09884311091207637
1723,
1724,
1725,0.012202396845599428
1726,
1727,0.054850359624596445
1728,0.002984165749437051
1729,0.07299221616770463
1730,0.06992969860512155
1731,0.054624887288995116
1732,0.02547324898137926
1733,0.01709743565301014
1734,0.0512793292857176
1735,-0.05245937961367442
1736,0.09019418724279832
1737,0.0020402558028591034
1738,0.09711147269197334
1739,0.050110808934773765
1740,0.011520390751211196
1741,0.04585492271739211
1742,0.12622056544171023
1743,
1744,0.00969840599840982
1745,0.011226775119396903
1746,0.09993377689286692
1747,
1748,0.10710837773914939
1749,0.09360642768926652
1750,-0.13872334806145073
1751,
1752,-0.003787363207298222
1753,0.14042564652702327
1754,-0.06661786084862142
1755,
1756,-0.020494463487880643
1757,0.024412474905945836
1758,-0.04347103659054824
1759,
1760,0.04342177257902757
1761,-0.008806925626843931
1762,-0.007429723263891463
1763,0.025829635725949984
1764,-0.1454385964912281
1765,-0.14050966080449107
1766,0.06493864476559308
1767,0.04462865338696553
1768,-0.043487588175256775
1769,0.08800904977375562
1770,-0.017579819953395304
1771,0.015997457531192583
1772,
1773,
1774,-0.023700529285052563
1775,-0.09160266104603293
1776,-0.039575213752919614
1777,
1778,
1779,0.08166430251306189
1780,-0.03730318256740278
1781,0.036666078516532585
1782,0.06199584985538947
1783,0.0019476651139977985
1784,0.03716885665631586
1785,0.004206735485949409
1786,
1787,0.07996135262287624
1788,0.018878132804212466
1789,-0.04300560345271981
1790,-0.03639481198793737
1791,-0.08624977350641067
1792,
1793,
1794,0.011466268909230859
1795,0.0179594251550228
1796,-0.013361810942320862
1797,0.010741798737619213
1798,
1799,
1800,
1801,
1802,0.05531975099037917
1803,-0.09599392457639366
1804,
1805,0.09381447194922954
1806,0.05822906650883458
1807,
1808,
1809,-0.09852156859107097
1810,-0.033872508823870384
1811,-0.07377637331576098
1812,-0.012048809736209032
1813,0.026746616453366456
1814,-0.10974773121806702
1815,0.0018597653039043593
1816,0.004401630313777327
1817,0.009130726739766337
1818,0.018775244107201994
1819,0.16393138163837778
1820,0.09846743295019161
1821,-0.052156039889824424
1822,-0.01130060426186974
1823,0.02747309359372818
1824,-0.08682328907048009
1825,-0.11024844720496896
1826,-0.14493440978875338
1827,
1828,
1829,0.020346545071938338
1830,-0.020467950624336706
1831,
1832,-0.010741798737619157
1833,
1834,
1835,-0.016088234664086043
1836,0.07643555823002529
1837,0.11172619706066916
1838,0.0405729904750638
1839,-0.026813985695477938
1840,-0.08080447733490648
1841,0.07852064704332906
1842,0.011844019023212471
1843,0.1351997350437228
1844,0.006702498036024518
1845,0.04188544267550098
1846,0.03538707956240922
1847,0.12169196489679068
1848,-0.12072437877272302
1849,0.15119762998872224
1850,0.01422015169723817
1851,-0.12889749375462167
1852,-0.058473166744235194
1853,-0.0013896127685623094
1854,0.045578075907215077
1855,-0.0625059305001659
1856,-0.11841961121086386
1857,0.09507422146032596
1858,0.05782338125593767
1859,-0.04957410250093175
1860,0.06981665692435346
1861,-0.0246337023585409
1862,-0.030516014706693517
1863,0.02115656144682987
1864,-0.030519590839293897
1865,0.11406431919687099
1866,0.11140540745803904
1867,0.019293977342238144
1868,0.026549548299224512
1869,0.11129953914030949
1870,0.08759603798625049
1871,0.005472191187554154
1872,0.04458776560488281
1873,0.07004929754063483
1874,-0.10266014738110446
1875,0.004956738488259116
1876,-0.0749567440868969
1877,-0.02871578765975158
1878,-0.02318864854431768
1879,0.05968111221737543
1880,0.04950848507251926
1881,0.009542008934609325
1882,0.012364878760691755
1883,0.023657375788723012
1884,0.0017697921170446995
1885,-0.0019830523316244353
1886,0.00327065290418993
1887,0.04971551826516457
1888,
1889,-0.03617476178533591
1890,-0.08449722657191766
1891,-0.024158880325165555
1892,-0.036095338827842216
1893,-0.2182795698924731
1894,-0.03941002094692336
1895,0.061176592132940244
1896,0.03716054446687428
1897,-0.04240647179970325
1898,0.0034071108950136653
1899,-0.0245090508206256
1900,0.024799162360996496
1901,0.015837559857117933
1902,0.039591906575301816
1903,0.05231062648566481
1904,0.0600640387122115
1905,0.04013977178632455
1906,0.052337612767486885
1907,
1908,0.03226903736361564
1909,0.05967436617968758
1910,-0.01094064755153068
1911,-0.04658512770440415
1912,-0.03106430876935895
1913,-0.02133335194267333
1914,-0.047787646066451084
1915,-0.041911171753714394
1916,-0.010592524648267654
1917,-0.0001760093084112735
1918,0.018293845600544922
1919,0.017994148538919896
1920,-0.0190832035470912
1921,-0.17587508995432083
1922,0.014515042201228234
1923,0.007531918051480624
1924,-0.03890376053678979
1925,0.030619095833412213
1926,-0.060860707919531465
1927,0.05784878277855032
1928,-0.01231776238848381
1929,0.05167899459931452
1930,-0.0004047840681503656
1931,
1932,-0.012068951283089047
1933,0.07583893717999979
1934,-0.17329910141206673
1935,-0.0724257166981625
1936,0.11274301969314288
1937,
1938,0.005447285572602878
1939,
1940,
1941,0.22413793103448276
1942,-0.023168693009118557
1943,
1944,
1945,0.11633663366336633
1946,0.01878953335720257
1947,-0.061475409836065587
1948,0.1433735037742076
1949,0.022270945007386744
1950,-0.03153731273856114
1951,0.0713904851456324
1952,-0.044721159456593274
1953,
1954,0.07743432117645183
1955,
1956,
1957,-0.02494044804586365
1958,0.03004182652917714
1959,0.12676644703349554
1960,-0.01932895944339036
1961,0.17725185514735986
1962,
1963,-0.0648313594679826
1964,0.04364701897201062
1965,0.03057307449237784
1966,-0.09658354867370678
1967,-0.12292924935289046
1968,0.053031494162372184
1969,
1970,0.000859672349873275
1971,
1972,-0.02072970151408232
1973,-0.07472320299721727
1974,0.1464472603182399
1975,0.057181733798230994
1976,-0.024147727272727293
1977,0.041631886271107144
1978,0.11207777901415306
1979,
1980,-0.013367411099677595
1981,-0.02942462728093398
1982,-0.10119236523552616
1983,0.028659290436287177
1984,-0.005437011509769052
1985,
1986,-0.0041673884210834955
1987,-0.040806700308991584
1988,0.06308295784327839
1989,0.04947319967399655
1990,-0.06047619936998044
1991,-0.0682898504648195
1992,-0.08648117782623022
1993,0.044647301242754844
1994,-0.047856994063389835
1995,0.09487883110257073
1996,-0.01835049441420694
1997,0.06069490095659985
1998,-0.017464898708237087
1999,-0.11598281816333861
2000,0.06981665692435346
2001,0.1179937786951516
2002,0.05313800622775866
2003,-0.07299221616770468
2004,-0.05192759612676939
2005,-0.03463211985537351
2006,-0.0800651579683993
2007,0.03683583726801637
2008,-0.018948090517492744
2009,0.052184221384717844
2010,0.09626645256909461
2011,0.04821428571428571
2012,-0.06130471767218548
2013,0.1116712236001986
2014,-0.0202716823406478
2015,-0.03716774669433387
2016,0.04921728793624203
2017,0.030852532848283154
2018,0.028296546773945386
2019,-0.08457648546144123
2020,0.08051529790660228
2021,0.0751139864567073
2022,-0.012068951283089047
2023,-0.006331896700754791
2024,-0.16479894869725376
2025,0.10677955987872595
2026,0.012201042583767807
2027,-0.14097629615576002
2028,-0.03431521409049501
2029,-0.04560350800909302
2030,
2031,0.007131326018416595
2032,0.004473371420260885
2033,0.02834397958207313
2034,-0.006819344138326078
2035,-0.015421008695954141
2036,0.05564458654766763
2037,0.039575213752919614
2038,0.06244830438378829
2039,0.18840534324257016
2040,0.06271806340386626
2041,0.11901129286948059
2042,0.0012289144946687203
2043,-0.05234965505095318
2044,0.021762269926643762
2045,-0.019506567124514818
2046,
2047,0.0036290638464551717
2048,0.1798876707914524
2049,-0.018025283913621237
2050,0.14269160260234443
2051,-0.037353395613074825
2052,-0.004437122513149205
2053,-0.018250353277248665
2054,
2055,
2056,-0.023316373783837996
2057,0.03755747369608753
2058,-0.035604920185613065
2059,0.003573265028537387
2060,0.054655892419327834
2061,0.03191353049003026
2062,0.04426035542178508
2063,-0.0749829284850238
2064,-0.01290505202342418
2065,0.07352668986701594
2066,-0.013922695518806316
2067,0.010301457603633823
2068,0.0222222222222222
2069,-0.0052511114768133416
2070,
2071,-0.06744098288860939
2072,-0.085915941169802
2073,0.004452697770964853
2074,
2075,-0.05205811138014527
2076,0.1569279681739335
2077,-0.12040257163971646
2078,-0.03807687214047084
2079,0.032971258417297256
2080,
2081,
2082,-0.0016942537775584965
2083,
2084,-0.059459585998455244
2085,0.051879745527252
2086,-0.01624759404207754
2087,-0.006996245009882662
2088,0.03466461954755973
2089,0.075015006641097
2090,0.0614206353541204
2091,0.06358409453382569
2092,0.07570133655679112
2093,0.049743313937085365
2094,-0.05556388377831101
2095,-0.015713662156263686
2096,
2097,-0.025503548130762055
2098,0.06422057336127396
2099,-0.03695778643661951
2100,-0.13291112266957072
2101,-0.058229066508834526
2102,0.11680559814237995
2103,0.027796478431942717
2104,
2105,-0.001985006041649251
2106,
2107,-0.09814473347960134
2108,0.10360208275546623
2109,-0.030855044345897975
2110,
2111,-0.0010596863707119097
2112,0.05313800622775866
2113,0.06345951502540492
2114,0.10872709394020208
2115,-0.022937590272122887
2116,0.0319450806201283
2117,-0.06540840612182636
2118,0.08814411703899028
2119,-0.04390585634370042
2120,0.021998751881032508
2121,0.024964268186529692
2122,-0.039041973586906475
2123,0.0229826019810207
2124,0.00763378627367467
2125,0.042263873455590795
2126,0.09097938276697132
2127,0.16999002991026918
2128,0.02405502519737268
2129,0.04009431894870996
2130,0.02865365358773908
2131,
2132,-0.027349518351429347
2133,0.08649383030346447
2134,0.09505551253736932
2135,0.1368554030037063
2136,0.040657479281700104
2137,0.035129368438346964
2138,0.05104522479317225
2139,0.03538707956240922
2140,-0.05063575042989882
2141,0.16893905348869726
2142,-0.08763909592271035
2143,0.08648026642130568
2144,-0.045618634479725806
2145,0.08486538258160103
2146,-0.049289178186110616
2147,0.02617238229983132
2148,0.23078660192927564
2149,-0.04802366764795346
2150,0.09947506253369598
2151,0.02115656144682987
2152,0.06198534992315369
2153,-0.06522033891122253
2154,-0.06588956119188422
2155,0.05035462314879502
2156,0.03710341415439167
2157,-0.0189095508483354
2158,-0.041911171753714394
2159,0.080056981303116
2160,0.03179071557876001
2161,
2162,0.0949737465469862
2163,-0.020436437710124544
2164,0.041342155481662535
2165,-0.03826752175049475
2166,-0.02623536627634193
2167,-0.04787628767848545
2168,-0.10941034697103857
2169,-0.020933977455716624
2170,0.019672842417615743
2171,0.04690389221841745
2172,0.048636062863323726
2173,-0.06997876326208263
2174,0.03189863813720101
2175,0.05574685436636467
2176,-0.006499246220885935
2177,0.04429016190435503
2178,0.00419183233883208
2179,0.1690423879942533
2180,0.006372678723872982
2181,0.03716054446687428
2182,0.014451293857545844
2183,0.014235754642642151
2184,0.02417545916872621
2185,-0.0020402558028589923
2186,0.09344308750210922
2187,0.07855472611950093
2188,-0.07821760673986611
2189,-0.02771656277935919
2190,0.030516014706693573
2191,-0.08872217957702266
2192,0.05398971685822368
2193,0.015458589255458621
2194,0.0630729195147473
2195,0.09723554111355687
2196,0.026906161340905455
2197,0.05512422360248448
2198,0.03553911223533701
2199,0.11902679721453946
2200,0.04022162632557913
2201,0.02446535874452721
2202,0.1243864408952719
2203,0.016772071644043873
2204,0.03150283212293037
2205,-0.010475538178861432
2206,0.060074117996936294
2207,
2208,0.08152176065562727
2209,0.09605982735186569
2210,-0.10396432829517516
2211,0.03434826950453568
2212,0.053311167355539535
2213,-0.10012338361333034
2214,0.04651194542427117
2215,-0.0022305940782911815
2216,0.018408878222351155
2217,-0.036703466702815934
2218,
2219,0.058310183516834924
2220,-0.06347339124532791
2221,
2222,-0.06103325007774879
2223,0.09677976944387706
2224,-0.023011470884879426
2225,-0.02317052324480079
2226,0.019158398224066953
2227,0.00994984197166493
2228,0.0062819543657506305
2229,0.08258878453171736
2230,0.060352783097679386
2231,0.014845327719863854
2232,0.03754649102651647
2233,-0.03214060050187467
2234,0.08887815543761157
2235,
2236,
2237,
2238,-0.01481653168943714
2239,0.11092567038131962
2240,0.02593453181316835
2241,-0.05316980378886699
2242,0.051850831573725
2243,
2244,-0.03940103069006928
2245,-0.09467966731460592
2246,
2247,0.1470994174146622
2248,
2249,-0.0028820230837774963
2250,0.19330163312532622
2251,-0.04320327295543408
2252,0.05267971465154564
2253,-0.00729172958212676
2254,-0.025510842730885053
2255,0.0060222582240555544
2256,-0.006452967676928212
2257,-0.17559523809523814
2258,-0.0013932427725531493
2259,0.016447428193622105
2260,0.016772071644043873
2261,0.12533274179236914
2262,-0.0037971189565827457
2263,-0.1075310273343299
2264,0.09334295073297572
2265,0.031537312738561085
2266,0.03477417245824377
2267,0.05240313683124764
2268,0.08963556146246543
2269,
2270,-0.00741361111848815
2271,-0.002567572347065339
2272,-0.25683829444891393
2273,0.011889862327909895
2274,-0.03756597701843506
2275,0.09918801563695823
2276,
2277,-0.032053106616025395
2278,
2279,0.10654301733734456
2280,
2281,-0.0016572634061796654
2282,-0.02199875188103262
2283,-0.017145969241858905
2284,0.031678997738428194
2285,0.04132557473129189
2286,0.12057962360278604
2287,0.03366383039711096
2288,0.029314775835036222
2289,0.012131224069530155
2290,0.04547333447513768
2291,
2292,-0.013022354054295748
2293,
2294,-0.02792843094669689
2295,
2296,-0.046280817921117434
2297,-0.01655658524991238
2298,0.01985701051911687
2299,-0.021755185528859244
2300,
2301,0.02962753065245366
2302,0.08080960893303368
2303,-0.1603448275862069
2304,
2305,-0.029958154641662627
2306,
2307,-0.13137755102040816
2308,-0.06978458491169598
2309,-0.013310818330050989
2310,0.12571973731855712
2311,-0.010685161213922656
2312,-0.013505249085670357
2313,0.03640915687723578
2314,-0.05605559592053061
2315,0.0014024648863936173
2316,-0.014595062257056757
2317,-0.011371582099491184
2318,-0.014989783097010434
2319,-0.09677976944387706
2320,0.100860210294694
2321,-0.0030802338798229245
2322,-0.009098027782859452
2323,
2324,0.018470996478530566
2325,0.11397426083768941
2326,-0.06414599481933042
2327,0.04471621443156143
2328,-0.0169908618873178
2329,0.11508072827207144
2330,0.02137422652465737
2331,0.08370398532446627
2332,-0.029778938545622857
2333,-0.01038885857462074
2334,0.09885102330856954
2335,-0.06681535826411611
2336,-0.031274361577066256
2337,0.0015355393286601848
2338,-0.031667382004855194
2339,0.1068862715943602
2340,0.1502219721622664
2341,0.14817060001250937
2342,0.06409323998602706
2343,-0.05575175906699892
2344,-0.11278903016486203
2345,0.03189863813720101
2346,-0.04291208110625411
2347,-0.023577048914252385
2348,-0.00048693329242854855
2349,-0.018658517622246296
2350,0.048569926142854825
2351,-0.10505253680355245
2352,-0.041476365758475575
2353,0.12137343173152959
2354,0.1116712236001986
2355,-0.10551599660453337
2356,-0.03523690292312959
2357,-0.1328185328185328
2358,0.039575213752919614
2359,-0.01826826042611679
2360,0.05316980378886699
2361,0.057474763316682165
2362,0.07451107877507346
2363,-0.016772071644043873
2364,0.050850648677468024
2365,-0.0527274675334532
2366,-0.02468809797154553
2367,-0.01526427473173314
2368,-0.046093262299463145
2369,0.14817060001250937
2370,-0.058377109335038535
2371,-0.08066998563816669
2372,-0.03814122155810418
2373,0.0010191043813831957
2374,0.11105515263041288
2375,0.055569745547783767
2376,-0.08648026642130563
2377,-0.10551599660453337
2378,-0.013437542379186207
2379,-0.027068808468107997
2380,-0.025681594863780077
2381,-0.029212201521681913
2382,0.09344308750210922
2383,0.12622056544171023
2384,-0.01694253378465449
2385,0.13872334806145084
2386,0.09626645256909461
2387,-0.02334816372438442
2388,-0.08556939063040675
2389,0.04960093611181593
2390,-0.0012826262259050258
2391,0.04424329573374042
2392,-0.05575175906699892
2393,0.032769212889322163
2394,0.0319450806201283
2395,0.018774533356334555
2396,-0.008804608584726314
2397,0.035236902923129476
2398,0.0935999790726269
2399,-0.03243182589123761
2400,0.03925307108208448
2401,-0.07377637331576098
2402,-0.07389034360122737
2403,0.14380878808722647
2404,-0.037465186054098265
2405,-0.009054646435515179
2406,-0.05774115067867264
2407,0.01515061327157563
2408,-0.02215482124748891
2409,-0.04609795893298313
2410,-0.025510842730885053
2411,-0.04382347617804677
2412,0.06844635378171965
2413,0.09042932514271673
2414,-0.006408775619825335
2415,-0.02056317140586167
2416,0.07852064704332906
2417,0.054850359624596445
2418,0.08255716891813403
2419,0.04102472454919365
2420,0.08080447733490664
2421,0.07299221616770463
2422,0.007608778345142175
2423,-0.06978458491169598
2424,0.06345652206109786
2425,0.02208456297529593
2426,0.08543002175783165
2427,0.006702498036024518
2428,-0.054624887288995116
